,pdfname,"results_UOP_list (text, fontSize, bbox, page_idx)",max_idx_UOP,"results_SEEGP_list (text, fontSize, bbox, page_idx)",max_idx_SEEGP
0,Climate_Bond_Framework_of_E1_SUBHOLDING_S_A__in_2021,"[('Use of Proceeds  ', 11.039999961853027, (85.10399627685547, 407.7648620605469, 177.44912719726562, 420.328369140625), 1), ('Initiative to assure the Use of Proceeds allocation, ongoing eligibility of the projects and ', 11.039999961853027, (85.10399627685547, 174.45489501953125, 513.0806884765625, 187.01841735839844), 3)]",0,"[('Selection and Evaluation of Eligible Green Projects  ', 11.039999961853027, (85.10399627685547, 354.48486328125, 358.339111328125, 367.0483703613281), 2), ('The project selection process includes the approval of local energy distributor, analysis ', 11.039999961853027, (85.10399627685547, 430.80487060546875, 513.1467895507812, 443.3683776855469), 2)]",0
1,Chile_Sustainable_Bond_Framework,"[('Use of Proceeds', 8.0, (311.42449951171875, 531.9049072265625, 363.7837829589844, 543.23291015625), 2), ('Use of Proceeds', 11.0, (96.37440490722656, 685.5799560546875, 168.3682861328125, 701.1559448242188), 18), ('Use of Proceeds', 15.0, (319.5419006347656, 195.83770751953125, 421.6903991699219, 217.0777130126953), 18), ('execution. For the use of proceeds for green ', 11.0, (70.86609649658203, 144.3797149658203, 292.3170166015625, 159.95571899414062), 31), ('on the Use of Proceeds', 11.0, (87.87210083007812, 368.77984619140625, 191.19398498535156, 384.3558654785156), 31), ('described in the section on Use of the Proceeds ', 11.0, (326.6270751953125, 117.98072814941406, 548.0792846679688, 133.55673217773438), 36)]",2,"[('Project Evaluation ', 11.0, (123.50201416015625, 216.1040802001953, 207.87091064453125, 231.68008422851562), 3), ('Process for Project Evaluation and Selection', 11.0, (345.0513916015625, 104.77998352050781, 538.5963745117188, 120.3559799194336), 18), ('Process for Project Evaluation and Selection', 11.0, (345.0513916015625, 104.77998352050781, 538.5963745117188, 120.3559799194336), 18), ('Process for Project Evaluation and Selection', 11.0, (345.0513916015625, 104.77998352050781, 538.5963745117188, 120.3559799194336), 18), (' Evaluation and Selection process for Eligible Sustainable Expenditures', 11.0, (120.435302734375, 106.17268371582031, 438.10107421875, 121.7486801147461), 30), (' Evaluation and Selection process for Eligible Sustainable Expenditures', 11.0, (120.435302734375, 106.17268371582031, 438.10107421875, 121.7486801147461), 30), (' Evaluation and Selection process for Eligible Sustainable Expenditures', 11.0, (120.435302734375, 106.17268371582031, 438.10107421875, 121.7486801147461), 30), ('selection process.   ', 11.0, (70.86609649658203, 263.1798095703125, 158.73300170898438, 278.7558288574219), 31)]",0
2,Genneia_Green_Financing_Framework,"[('Use of proceeds', 9.0, (73.48359680175781, 589.5831909179688, 146.1226348876953, 600.4822387695312), 1), ('of use of proceeds for refinancing debt, we are ', 8.520000457763672, (60.000099182128906, 399.2519226074219, 258.51959228515625, 409.56964111328125), 6), ('and document the use of proceeds to specific ', 8.520000457763672, (60.000099182128906, 472.70281982421875, 255.27944946289062, 483.0205383300781), 6)]",0,[],0
3,"Marco_de_Uso_de_Fondo_para_la_Emision_de_Bonos_Verdes,_Sociales_o_Sostenibles_BDP_I","[('Marco de uso de fondos para las emisiones de Bonos Verdes, Sociales o Sostenibles BDP I ......................... 6', 11.039999961853027, (72.02400207519531, 160.10000610351562, 539.8172607421875, 171.13999938964844), 1), ('3. Directrices de uso de fondos de Bonos Verdes, Sociales o Sostenibles .......................................................... 16', 11.039999961853027, (81.98400115966797, 267.5299987792969, 539.8175659179688, 278.57000732421875), 1), ('3.1. Uso de Fondos ................................................................................................................................................ 17', 11.039999961853027, (81.98400115966797, 280.9700012207031, 539.8175659179688, 292.010009765625), 1), ('Sección 3: Directrices uso de fondos para la primera emisión del BDP-S.A.M. ................................................. 62', 11.039999961853027, (81.98400115966797, 495.7900085449219, 539.8175659179688, 506.83001708984375), 1), ('Directrices de uso de fondos para la emisión “Bonos Verdes BDP I-Emisión 1” ........................................... 62', 11.039999961853027, (72.02400207519531, 515.22998046875, 539.8175659179688, 526.27001953125), 1), ('3. Directrices de uso de fondos de la emisión “BONOS VERDES BDP I-EMISIÓN 1” ......................................... 65', 11.039999961853027, (81.98400115966797, 595.7799682617188, 539.8175659179688, 606.8200073242188), 1), ('3.1. Uso de Fondos ................................................................................................................................................ 65', 11.039999961853027, (81.98400115966797, 609.219970703125, 539.8175659179688, 620.260009765625), 1), ('ARCO DE USO DE FONDOS PARA LAS ', 22.559999465942383, (114.73999786376953, 77.76319122314453, 546.3716430664062, 102.91759490966797), 5), ('3. Directrices de uso de fondos de Bonos Verdes, Sociales o ', 14.039999961853027, (100.81999969482422, 616.0738525390625, 507.7963562011719, 631.7284545898438), 15), ('El propósito de esta sección es describir las Directrices de uso de fondos para los Bonos Verdes, ', 11.039999961853027, (72.02400207519531, 660.1887817382812, 543.1643676757812, 672.4984130859375), 15), ('Uso de Fondos: ', 9.960000038146973, (95.42400360107422, 233.7662353515625, 170.90887451171875, 244.8716278076172), 16), ('Establece el uso de fondos para financiar o refinanciar proyectos ', 9.960000038146973, (257.45001220703125, 239.88623046875, 532.2262573242188, 250.9916229248047), 16), ('Detalla los informes necesarios sobre el uso de fondos y los ', 9.960000038146973, (257.45001220703125, 368.79620361328125, 532.2394409179688, 379.901611328125), 16), ('3.1. Uso de Fondos ', 14.039999961853027, (100.81999969482422, 442.7637939453125, 233.1531219482422, 458.41839599609375), 16), ('Tabla 5 Uso de los Fondos para financiar Proyectos verdes. ', 9.0, (192.25999450683594, 607.6749877929688, 422.3320007324219, 617.7100219726562), 18), ('Tabla 6 Uso de los Fondos para Proyectos Sociales. ', 9.0, (206.2100067138672, 481.64501953125, 408.2920227050781, 491.6800231933594), 27), ('expuestos en el Uso de los Fondos, y de ninguna manera financiarán proyectos no alineados con las ', 11.039999961853027, (72.02400207519531, 189.9488067626953, 543.0900268554688, 202.25840759277344), 35), ('a los inversionistas el uso de los recursos obtenidos por la o las emisiones. Estos criterios de ', 11.039999961853027, (72.02400207519531, 215.26881408691406, 543.111328125, 227.5784149169922), 35), ('elegibles, descritas en el Componente i. Uso de los fondos.  ', 11.039999961853027, (72.02400207519531, 370.69879150390625, 355.4591369628906, 383.0083923339844), 36), ('de proyectos e inversiones según el Uso de fondos estipulados en este documento, y su posterior ', 11.039999961853027, (72.02400207519531, 183.9488067626953, 543.1495361328125, 196.25840759277344), 37), ('Sección 3: Directrices uso de fondos para la primera emisión del ', 14.039999961853027, (100.81999969482422, 72.2737808227539, 535.6316528320312, 87.92838287353516), 61), ('IRECTRICES DE USO DE FONDOS PARA ', 22.559999465942383, (93.98400115966797, 127.92322540283203, 544.5719604492188, 153.07762145996094), 61), ('Por lo anterior, el propósito de este documento es describir el uso de fondos para la emisión “BONOS ', 11.039999961853027, (72.02400207519531, 185.38880920410156, 543.1690673828125, 197.6984100341797), 62), ('3. Directrices de uso de fondos de la emisión “', 14.039999961853027, (100.81999969482422, 72.2737808227539, 412.0899963378906, 87.92838287353516), 64), ('Uso de Fondos ', 11.039999961853027, (108.0199966430664, 270.1387939453125, 183.08912658691406, 282.4483947753906), 64), ('3.1. Uso de Fondos ', 14.039999961853027, (100.81999969482422, 362.82379150390625, 233.1531219482422, 378.4783935546875), 64), ('Tabla 2 Uso de los Fondos para financiar Proyectos verdes.', 9.0, (192.25999450683594, 104.91500091552734, 419.8610534667969, 114.94999694824219), 67), ('El detalle de los criterios de exclusión se describe en el documento “Marco de uso de fondos de ', 11.039999961853027, (72.02400207519531, 628.1488037109375, 543.14697265625, 640.4584350585938), 72), ('expuestos en el Uso de los Fondos, y de ninguna manera financiarán proyectos no alineados con las ', 11.039999961853027, (72.02400207519531, 382.3387756347656, 543.0900268554688, 394.64837646484375), 74), ('los inversionistas el uso de los recursos obtenidos por la o las emisiones. Estos criterios de ', 11.039999961853027, (72.02400207519531, 407.5387878417969, 543.0457153320312, 419.848388671875), 74), ('de proyectos e inversiones según el Uso de fondos estipulados en este documento, y su posterior ', 11.039999961853027, (72.02400207519531, 249.97877502441406, 543.1495361328125, 262.2883605957031), 75), ('documento “Marco de uso de fondos para las emisiones de Bonos Verdes, Sociales o ', 11.039999961853027, (108.0199966430664, 84.82881164550781, 542.9669799804688, 97.1384048461914), 76)]",7,"[('3.2. Selección y Evaluación de Proyectos ............................................................................................................. 33', 11.039999961853027, (81.98400115966797, 361.489990234375, 539.8175659179688, 372.5299987792969), 1), ('3.2. Proceso de Selección y Evaluación de Proyectos ......................................................................................... 74', 11.039999961853027, (81.98400115966797, 689.85595703125, 539.8175659179688, 700.89599609375), 1), ('3.2. Selección y Evaluación de Proyectos ', 14.039999961853027, (100.81999969482422, 535.163818359375, 378.73309326171875, 550.8184204101562), 32), ('En el caso de la emisión de estos Bonos, la selección y evaluación de proyectos verdes, sociales y ', 11.039999961853027, (72.02400207519531, 657.788818359375, 537.9990844726562, 670.0984497070312), 32), ('Proceso de Selección y Evaluación de Proyectos ', 11.039999961853027, (108.0199966430664, 288.7388000488281, 341.0591125488281, 301.04840087890625), 64), ('3.2. Proceso de Selección y Evaluación de Proyectos ', 14.039999961853027, (100.81999969482422, 72.2737808227539, 458.0531005859375, 87.92838287353516), 73)]",2
4,Green_Bond_Framework,"[('Usos dos Recursos ', 12.0, (115.25, 291.3279724121094, 208.50999450683594, 304.6119689941406), 1), ('Usos dos Recursos ', 12.0, (103.25, 706.137939453125, 200.11000061035156, 719.4219360351562), 9)]",0,"[('Avaliação e Seleção de Ativos ', 12.0, (103.25, 133.8379669189453, 257.260009765625, 147.12196350097656), 15)]",0
5,Green_Bonds_Framework_Athon_2020,"[('Uso de Recursos .......................................................................................... 5', 11.039999961853027, (149.05999755859375, 177.9488067626953, 522.958251953125, 190.25840759277344), 1), ('que se iniciam no uso de recursos, passando pelo processo de avaliação e seleção de ', 11.039999961853027, (72.02400207519531, 275.77874755859375, 526.4067993164062, 288.0883483886719), 4), ('3.1 Uso de Recursos ', 12.960000038146973, (72.02400207519531, 413.8411865234375, 210.6528778076172, 428.29156494140625), 4), ('‘Uso de Recursos’ sejam cumpridas. ', 11.039999961853027, (72.02400207519531, 91.42878723144531, 253.6791229248047, 103.7383804321289), 7)]",2,"[('Processo de Avaliação e Seleção de Projetos ............................................. 7', 11.039999961853027, (149.05999755859375, 201.9488067626953, 522.958251953125, 214.25840759277344), 1), ('3.2 Processo de Avaliação e Seleção de Projetos ', 12.960000038146973, (72.02400207519531, 551.9811401367188, 384.19287109375, 566.4315795898438), 6)]",1
6,Green_Bond_Framework,"[('Usos dos Recursos ', 12.0, (115.25, 291.3279724121094, 208.50999450683594, 304.6119689941406), 1), ('Usos dos Recursos ', 12.0, (103.25, 706.137939453125, 200.11000061035156, 719.4219360351562), 9)]",0,"[('Avaliação e Seleção de Ativos ', 12.0, (103.25, 133.8379669189453, 257.260009765625, 147.12196350097656), 15)]",0
7,Green_Bonds_Framework_Athon_2020,"[('Uso de Recursos .......................................................................................... 5', 11.039999961853027, (149.05999755859375, 177.9488067626953, 522.958251953125, 190.25840759277344), 1), ('que se iniciam no uso de recursos, passando pelo processo de avaliação e seleção de ', 11.039999961853027, (72.02400207519531, 275.77874755859375, 526.4067993164062, 288.0883483886719), 4), ('3.1 Uso de Recursos ', 12.960000038146973, (72.02400207519531, 413.8411865234375, 210.6528778076172, 428.29156494140625), 4), ('‘Uso de Recursos’ sejam cumpridas. ', 11.039999961853027, (72.02400207519531, 91.42878723144531, 253.6791229248047, 103.7383804321289), 7)]",2,"[('Processo de Avaliação e Seleção de Projetos ............................................. 7', 11.039999961853027, (149.05999755859375, 201.9488067626953, 522.958251953125, 214.25840759277344), 1), ('3.2 Processo de Avaliação e Seleção de Projetos ', 12.960000038146973, (72.02400207519531, 551.9811401367188, 384.19287109375, 566.4315795898438), 6)]",1
8,Cartilla_Bonos_Verdes,"[('Uso de Fondos Proyectos Verdes Elegibles ', 12.0, (186.3311004638672, 484.85931396484375, 423.5638122558594, 498.935302734375), 1), ('siguientes parámetros aplicables para la respectiva Emisión: i) el uso de los fondos provenientes ', 12.0, (44.53338623046875, 647.2919921875, 570.4332275390625, 661.3679809570312), 10), ('uso de los fondos.', 12.0, (44.53338623046875, 692.2919921875, 143.47341918945312, 706.3679809570312), 10), ('i. Uso de Fondos Proyectos', 16.0, (118.30860137939453, 411.82470703125, 329.89739990234375, 433.61669921875), 10), ('anteriormente, tendrán asignación y aprobación automática hasta agotar el uso de recursos, ', 12.0, (44.52980041503906, 306.80462646484375, 570.423828125, 320.880615234375), 17), ('embargo, se basará en las categorías descritas en el numeral i. Uso de Fondos de Proyectos ', 12.0, (44.52980422973633, 576.8046264648438, 570.4010009765625, 590.880615234375), 17), ('cumplimiento de los requisitos de ‘’Uso de los fondos verdes’’ en caso que se den cambios ', 12.0, (44.52980041503906, 631.1824951171875, 570.4453735351562, 645.2584838867188), 18), ('Banco Finandina BIC presentará el Informe de Uso de los Fondos y el Impacto Ambiental espera-', 12.0, (44.52980041503906, 413.21673583984375, 567.4732666015625, 427.292724609375), 19), ('Los Reportes de Uso de Fondos de Bonos Verdes serán emitidos para evidenciar el desempeño de ', 12.0, (44.52980041503906, 488.21673583984375, 570.420166015625, 502.292724609375), 19), ('Confirmación del adecuado uso de los recursos provenientes de la Emisión, según lo ', 12.0, (80.404296875, 111.80072021484375, 570.4146118164062, 125.87671661376953), 20), ('mantenerlos informados sobre la evolución del uso de los fondos obtenidos mediante cada ', 12.0, (44.52660369873047, 310.859375, 570.4049682617188, 324.93536376953125), 21)]",3,"[('Procedimiento Selección y Evaluación ', 12.0, (186.3311004638672, 502.85931396484375, 398.5655212402344, 516.935302734375), 1), ('El procedimiento de selección y evaluación de Proyectos Verdes Elegibles estará en cabeza del ', 12.0, (44.53059387207031, 665.8200073242188, 570.4210205078125, 679.89599609375), 16), ('ii. Procedimiento Selección', 16.0, (118.30809783935547, 464.2304992675781, 332.61212158203125, 486.0224914550781), 16)]",2
9,Bono_Azul_-_Framework,"[('2.1 Uso de los recursos ', 12.0, (41.1328010559082, 318.21661376953125, 169.0167694091797, 336.7926025390625), 1), ('2.1.1 Uso de Recursos Social ', 12.0, (41.1328010559082, 332.6166076660156, 198.79957580566406, 351.1925964355469), 1), ('2.1.2 Uso de Recursos Verde y enfoque Azul ', 12.0, (41.1328010559082, 347.01690673828125, 282.6327819824219, 365.5928955078125), 1), ('2.5 Información sobre el uso de los recursos ', 12.0, (41.1328010559082, 433.41680908203125, 280.89398193359375, 451.9927978515625), 1), ('pilares fundamentales: (i) uso de recursos; (ii) proceso de evaluación y selección de proyectos; (iii) gestión de ', 11.0, (40.97981262207031, 393.14862060546875, 577.9265747070312, 410.1766052246094), 6), ('Uso de los recursos', 11.0, (76.98410034179688, 335.3027038574219, 172.8040008544922, 352.3306884765625), 7), ('2.1.1 Uso de Recursos Social ', 11.0, (40.98440170288086, 361.70269775390625, 193.9910888671875, 378.7306823730469), 7), ('2.1.2 USO DE RECURSOS VERDE Y ENFOQUE', 11.0, (40.98440170288086, 36.143924713134766, 291.04412841796875, 54.425926208496094), 9), ('apropiado uso de recursos azul, y las sinergias sociales y ambientales en el financiamiento de las inversiones ', 11.0, (40.98699951171875, 353.5490417480469, 577.9313354492188, 370.5770263671875), 9), ('sostenibles, con el uso de recursos de las emisiones azules que BNCR realice utilizando este marco de ', 11.0, (40.98699951171875, 366.7490539550781, 577.8411254882812, 383.77703857421875), 9), ('únicamente si se ajusta al uso de fondos definido en las categorías y subcategorías sociales y verdes descritas ', 11.0, (40.98440170288086, 129.14901733398438, 577.9716186523438, 146.17701721191406), 16), ('Como parte del proceso de Aprobación, cuando se etiquete el uso de recursos de un bono temático, el ', 11.0, (40.98440170288086, 168.74905395507812, 577.8406982421875, 185.7770538330078), 16), ('hasta por un máximo del cincuenta por ciento (50%) del uso de los recursos correspondientes a la emisión en ', 11.0, (40.98440170288086, 287.5491638183594, 577.9386596679688, 304.5771484375), 17), ('que involucren bonos donde el uso de recursos de los mismos es total o parcialmente en la temática social.', 11.0, (40.98440170288086, 604.3491821289062, 569.9427490234375, 621.377197265625), 17), ('Información sobre el uso de los recursos', 8.375499725341797, (59.18159866333008, 87.59893035888672, 218.5681610107422, 101.51901245117188), 18), ('a partir del uso de fondos del Bono Social, desagregar por tamaño de la empresa', 7.444900035858154, (198.81539916992188, 116.57044219970703, 471.2844543457031, 128.09515380859375), 18), ('beneficiarios a partir del uso de fondos del Bono Social, desagregar por tamaño', 7.444900035858154, (198.81539916992188, 168.3051300048828, 466.4519958496094, 179.829833984375), 18), ('Valor de los ingresos asignados a cada uso de fondos desagregar por tamaño de la', 7.444900035858154, (198.81539916992188, 208.67140197753906, 476.3901672363281, 220.19610595703125), 18), ('que involucren bonos donde el uso de recursos de los mismos es total o parcialmente en la temática verde ', 11.0, (40.98440170288086, 49.948936462402344, 577.8837890625, 66.97693634033203), 19)]",0,"[('2.2  Proceso de evaluación y selección de proyectos  ', 12.0, (41.1328010559082, 390.2168884277344, 332.4723205566406, 408.7928771972656), 1), ('2.2  Proceso de evaluación y selección de proyectos  ', 12.0, (41.1328010559082, 390.2168884277344, 332.4723205566406, 408.7928771972656), 1), ('pilares fundamentales: (i) uso de recursos; (ii) proceso de evaluación y selección de proyectos; (iii) gestión de ', 11.0, (40.97981262207031, 393.14862060546875, 577.9265747070312, 410.1766052246094), 6), ('pilares fundamentales: (i) uso de recursos; (ii) proceso de evaluación y selección de proyectos; (iii) gestión de ', 11.0, (40.97981262207031, 393.14862060546875, 577.9265747070312, 410.1766052246094), 6), ('2.2 PROCESO DE EVALUACIÓN Y SELECCIÓN DE PROYECTOS', 11.0, (40.98440170288086, 36.143924713134766, 373.32855224609375, 54.425926208496094), 15), ('2.2 PROCESO DE EVALUACIÓN Y SELECCIÓN DE PROYECTOS', 11.0, (40.98440170288086, 36.143924713134766, 373.32855224609375, 54.425926208496094), 15)]",0
10,"Marco_de_referencia_de_bono_verde_Coopeguanacaste,_R_L_","[('Destinos de Fondos. ................................................................................................. 16', 11.039999961853027, (107.05999755859375, 458.55877685546875, 526.5582885742188, 470.8683776855469), 1), ('4 Destinos de Fondos. ', 15.960000038146973, (85.10399627685547, 71.35618591308594, 268.6069030761719, 89.1515884399414), 15)]",1,"[('Proceso de evaluación y selección de proyectos. ..................................................... 17', 11.039999961853027, (107.05999755859375, 482.55877685546875, 526.5582885742188, 494.8683776855469), 1), ('Proceso de evaluación y selección de proyectos. ..................................................... 17', 11.039999961853027, (107.05999755859375, 482.55877685546875, 526.5582885742188, 494.8683776855469), 1), ('5 Proceso de evaluación y selección de proyectos. ', 15.960000038146973, (85.10399627685547, 541.7062377929688, 483.81689453125, 559.5016479492188), 16), ('5 Proceso de evaluación y selección de proyectos. ', 15.960000038146973, (85.10399627685547, 541.7062377929688, 483.81689453125, 559.5016479492188), 16)]",2
11,Marco_de_Referencia_del_Bono_Verde_de_la_Ciudad_de_Mexico,"[('1. Uso de los Recursos ', 12.0, (49.68000030517578, 477.4900207519531, 185.18600463867188, 490.8699951171875), 0)]",0,"[('2. Proceso de Evaluación y Selección de proyectos ', 12.0, (67.7040023803711, 395.0500183105469, 348.5260009765625, 408.42999267578125), 0), ('2. Evaluación y selección de proyectos ', 12.0, (49.68000030517578, 185.35997009277344, 275.906005859375, 198.73997497558594), 4)]",0
12,Nacional_Financiera_Green_Bond_MXN,"[('3.1. Uso de los Fondos ', 11.039999961853027, (90.50399780273438, 212.66000366210938, 192.7150421142578, 223.6999969482422), 1), ('Uso de los Fondos ', 14.039999961853027, (108.37999725341797, 174.52999877929688, 216.58303833007812, 188.5699920654297), 3), ('NAFIN presentará un informe anual sobre el Uso de Fondos con indicación de los proyectos que se ', 11.039999961853027, (72.38400268554688, 260.4499816894531, 542.1785888671875, 271.489990234375), 5), ('de uso de fondos definidos en el marco del bono. El Revisor Externo proporcionará un informe de la ', 11.039999961853027, (72.38400268554688, 452.1100158691406, 542.2172241210938, 463.1500244140625), 5), ('alineación con sus cuatro componentes: el uso de los fondos, el proceso de evaluación y selección del ', 11.039999961853027, (72.38400268554688, 364.25, 542.3282470703125, 375.2900085449219), 8), ('Uso de los Fondos ', 11.039999961853027, (111.5, 669.3399658203125, 194.9950408935547, 680.3800048828125), 12), ('ha documentado el uso de los fondos, incluida esta información en el documento ‘Memorándum de ', 11.039999961853027, (72.38400268554688, 418.010009765625, 542.137451171875, 429.0500183105469), 13), ('NAFIN presentará en forma pública un informe anual sobre el Uso de Fondos con indicación de los ', 11.039999961853027, (72.38400268554688, 313.6100158691406, 513.72998046875, 324.6500244140625), 15)]",1,"[('3.2. Proceso de Evaluación y Selección de Proyectos ', 11.039999961853027, (90.50399780273438, 225.98001098632812, 323.7850341796875, 237.02000427246094), 1), ('3.2. Proceso de Evaluación y Selección de Proyectos ', 11.039999961853027, (90.50399780273438, 225.98001098632812, 323.7850341796875, 237.02000427246094), 1), ('Proceso de Evaluación y Selección de Proyectos ', 14.039999961853027, (108.37999725341797, 534.4599609375, 386.6430358886719, 548.5), 3), ('Proceso de Evaluación y Selección de Proyectos ', 14.039999961853027, (108.37999725341797, 534.4599609375, 386.6430358886719, 548.5), 3), ('2. PROCESOS PARA LA EVALUACIÓN Y SELECCIÓN DE PROYECTOS ', 12.0, (72.38400268554688, 170.29998779296875, 398.4219970703125, 182.29998779296875), 14)]",2
13,Marco_de_Gestión_de_Bono_Verde,"[('Uso de los Fondos ................................................................................................................ 5', 10.0, (135.25, 197.6300048828125, 536.1400146484375, 209.55001831054688), 2), ('uso de los recursos y ', 10.0, (90.42500305175781, 366.8500061035156, 187.6849822998047, 378.0), 5), ('Reportes (del uso de los fondos así como de los impactos). ', 11.0, (99.2249984741211, 398.94500732421875, 391.5780029296875, 411.2099914550781), 7)]",2,"[('Proceso de Selección y Evaluación de Proyectos .................................................................. 6', 10.0, (135.25, 210.83001708984375, 536.1400146484375, 222.75003051757812), 2)]",1
14,Bono_Verde_de_Bancoldex_Framework,"[('Uso de los recursos ', 12.0, (113.41999816894531, 479.4100036621094, 231.50599670410156, 492.78997802734375), 1), ('generan beneficios ambientales y sociales, por la optimización en el uso de recursos ', 11.039999961853027, (85.10399627685547, 545.8287353515625, 513.2591552734375, 558.1383666992188), 1), ('Control de la contaminación y eficiencia en el uso de los recursos ', 11.039999961853027, (103.0999984741211, 85.18879699707031, 451.609130859375, 97.4983901977539), 2), ('permiten alcanzar mejoras en el uso de los recursos, para proyectos realizados a partir ', 11.039999961853027, (85.10399627685547, 287.65875244140625, 513.25146484375, 299.9683532714844), 3), ('firmen una declaración confirmando el uso de los recursos, de acuerdo con los criterios ', 11.039999961853027, (85.10399627685547, 557.3487548828125, 513.1467895507812, 569.6583862304688), 4), ('uso de los recursos provenientes del Bono Verde de Bancoldex: ', 11.039999961853027, (85.10399627685547, 456.1587829589844, 401.3291320800781, 468.4683837890625), 5), ('Bancoldex divulgará anualmente el uso de los recursos provenientes de la emisión, ', 11.039999961853027, (85.10399627685547, 692.228759765625, 513.4291381835938, 704.5383911132812), 6), ('por categoría verde y la distribución regional del uso de los recursos, a través del informe ', 11.039999961853027, (85.10399627685547, 85.30879211425781, 513.3735961914062, 97.6183853149414), 7), ('anual de ""Uso de los recursos del Bono Verde"", el cual deberá ser publicado en los ', 11.039999961853027, (85.10399627685547, 97.90876770019531, 513.3994750976562, 110.2183609008789), 7), ('El uso de los recursos del Bono Verde será auditado por un externo. ', 11.039999961853027, (85.10399627685547, 186.46876525878906, 422.089111328125, 198.7783660888672), 7), ('""Uso de los recursos del Bono Verde"", el impacto ambiental positivo de los proyectos, ', 11.039999961853027, (85.10399627685547, 251.7787628173828, 513.4291381835938, 264.0883483886719), 7)]",0,"[('ingresos o recursos; (ii) proceso de evaluación y selección de proyectos; (iii) ', 11.039999961853027, (85.10399627685547, 426.8787841796875, 513.2705078125, 439.1883850097656), 1), ('ingresos o recursos; (ii) proceso de evaluación y selección de proyectos; (iii) ', 11.039999961853027, (85.10399627685547, 426.8787841796875, 513.2705078125, 439.1883850097656), 1), ('Proceso para selección y evaluación de proyectos ', 12.0, (121.0999984741211, 365.6300048828125, 412.0360107421875, 379.0099792480469), 3)]",2
15,Green_social_bond_framework_series_ad_ae_2019,"[('SBPs: Use of Funds, Evaluation and Selection Process, Fund Management and Reporting.  ', 11.039999961853027, (57.84000015258789, 87.50003051757812, 465.64501953125, 98.54003143310547), 1), ('I. Use of Funds:  ', 11.039999961853027, (57.84000015258789, 112.93997192382812, 131.51504516601562, 123.97997283935547), 1), ('Social Bond framework and in the Use of Funds section of this document. In the event that a project is ', 11.039999961853027, (57.84000015258789, 384.7699890136719, 555.99755859375, 395.80999755859375), 8)]",0,"[('SBPs: Use of Funds, Evaluation and Selection Process, Fund Management and Reporting.  ', 11.039999961853027, (57.84000015258789, 87.50003051757812, 465.64501953125, 98.54003143310547), 1), ('SBPs: Use of Funds, Evaluation and Selection Process, Fund Management and Reporting.  ', 11.039999961853027, (57.84000015258789, 87.50003051757812, 465.64501953125, 98.54003143310547), 1), ('II. Selection and Evaluation Process:  ', 11.039999961853027, (57.84000015258789, 74.06002807617188, 223.70504760742188, 85.10002899169922), 4), ('therefore comply with the environmental and social criteria used during the evaluation and selection process ', 11.039999961853027, (57.84000015258789, 298.1300048828125, 556.0970458984375, 309.1700134277344), 4), ('therefore comply with the environmental and social criteria used during the evaluation and selection process ', 11.039999961853027, (57.84000015258789, 298.1300048828125, 556.0970458984375, 309.1700134277344), 4)]",0
16,ISA_CTM_FRAMEWORK,"[('Use of the proceeds ', 11.039999961853027, (120.9800033569336, 186.52999877929688, 212.9950408935547, 197.5699920654297), 3), ('Use of the Proceeds: ', 11.039999961853027, (141.6199951171875, 312.07000732421875, 238.07504272460938, 323.1100158691406), 3), ('Use of the proceeds ', 11.039999961853027, (108.73999786376953, 297.4100036621094, 200.75503540039062, 308.45001220703125), 7), ('Use of the proceeds ', 11.039999961853027, (108.73999786376953, 129.5, 199.9150390625, 140.5399932861328), 8), ('5. Allocation of the use of proceeds ', 20.4544734954834, (84.95999908447266, 246.41000366210938, 398.9259338378906, 271.75701904296875), 8)]",4,"[('Process for Evaluation and Selection ', 11.039999961853027, (120.9800033569336, 201.05001831054688, 285.2650146484375, 212.0900115966797), 3), ('Process for Evaluation and Selection ', 11.039999961853027, (120.9800033569336, 201.05001831054688, 285.2650146484375, 212.0900115966797), 3), ('Process for the Project Evaluation and Selection ', 11.039999961853027, (141.6199951171875, 232.73001098632812, 362.1850280761719, 243.77000427246094), 5), ('Process for the Project Evaluation and Selection ', 11.039999961853027, (141.6199951171875, 232.73001098632812, 362.1850280761719, 243.77000427246094), 5), ('Process for the Project Evaluation and Selection ', 11.039999961853027, (141.6199951171875, 232.73001098632812, 362.1850280761719, 243.77000427246094), 5)]",0
17,SONDA_S_A__GREEN_BOND_FRAMEWORK,"[('3.1 Use of Proceeds ......................................................................................................................... 5 ', 11.039999961853027, (96.14399719238281, 174.98001098632812, 529.0350341796875, 186.02000427246094), 1), ('3.1 Use of Proceeds ', 12.960000038146973, (85.10399627685547, 111.13998413085938, 191.4689483642578, 124.09998321533203), 4), ('the requirements defined for the Use of Proceeds, preparing the documents to be audited and ', 11.039999961853027, (85.10399627685547, 582.0699462890625, 529.4403686523438, 593.1099853515625), 4)]",1,"[('3.2 Project Selection and Assessment Process ............................................................................... 5 ', 11.039999961853027, (96.14399719238281, 194.42001342773438, 529.0350341796875, 205.4600067138672), 1), ('3.2 Project Selection and Assessment Process  ', 12.960000038146973, (85.10399627685547, 435.19000244140625, 327.93896484375, 448.1499938964844), 4)]",1
18,CIFI_Green_Bond_Framework,"[('a. Use of Proceeds', 12.531599998474121, (69.70700073242188, 555.6668701171875, 167.45347595214844, 569.7774047851562), 7)]",0,"[('b. Project Selection Criteria ', 12.531599998474121, (69.70800018310547, 137.6615447998047, 218.9969482421875, 151.77212524414062), 8), ('CIFI’s Green Bond Committee will be responsible for the evaluation and selection of Eligible ', 14.0, (69.70800018310547, 169.97476196289062, 544.7841186523438, 185.73876953125), 8), ('the Project Selection Criteria and will be responsible for approving allocations of net ', 14.0, (69.70800018310547, 555.5748901367188, 544.76025390625, 571.3388671875), 8)]",0
19,BTG_Sustainable_Financing_Framework,"[('Use of Proceeds', 13.0, (241.72439575195312, 546.1080932617188, 339.0540771484375, 561.994140625), 1), ('Bond Guidelines 2021 (“SBG”) (Use of Proceeds, Pro\xad', 10.0, (39.96849822998047, 593.0523071289062, 286.2991943359375, 605.2722778320312), 20), ('3.1 Use of Proceeds', 16.0, (308.9764099121094, 60.266231536865234, 455.1044921875, 80.4582290649414), 20), ('are compliant with the current Use of Proceeds.', 10.0, (308.9764099121094, 254.1357421875, 524.723388671875, 266.3557434082031), 31)]",2,"[('Process for Project Selection and Evaluation', 13.0, (241.72439575195312, 572.1080932617188, 501.7372131347656, 587.994140625), 1), ('Process for Project Selection and Evaluation', 13.0, (241.72439575195312, 572.1080932617188, 501.7372131347656, 587.994140625), 1), ('cess for Project Evaluation and Selection, Management ', 10.0, (39.96849822998047, 607.0523071289062, 288.9834899902344, 619.2722778320312), 20), ('cess for Project Evaluation and Selection, Management ', 10.0, (39.96849822998047, 607.0523071289062, 288.9834899902344, 619.2722778320312), 20), ('3.2 Process for Project Selection ', 16.0, (39.96849822998047, 60.549739837646484, 290.6116943359375, 80.74173736572266), 31)]",4
20,CABEI_Green_Bond_Framework,"[('Use of Proceeds ........................................................................................................................... 7 ', 11.039999961853027, (103.94000244140625, 265.2499694824219, 526.5150756835938, 276.28997802734375), 1), ('Use of Proceeds ', 12.960000038146973, (106.94000244140625, 428.22998046875, 194.9789581298828, 441.1899719238281), 7)]",1,"[('Process for Project Evaluation and Selection ............................................................................ 11 ', 11.039999961853027, (103.94000244140625, 285.6499938964844, 526.5150756835938, 296.69000244140625), 1), ('Process for Project Evaluation and Selection ............................................................................ 11 ', 11.039999961853027, (103.94000244140625, 285.6499938964844, 526.5150756835938, 296.69000244140625), 1), ('Process for Project Evaluation and Selection ............................................................................ 11 ', 11.039999961853027, (103.94000244140625, 285.6499938964844, 526.5150756835938, 296.69000244140625), 1), ('Process for Project Evaluation and Selection ', 12.960000038146973, (106.94000244140625, 81.25997924804688, 341.5189514160156, 94.21997833251953), 11), ('Process for Project Evaluation and Selection ', 12.960000038146973, (106.94000244140625, 81.25997924804688, 341.5189514160156, 94.21997833251953), 11), ('Process for Project Evaluation and Selection ', 12.960000038146973, (106.94000244140625, 81.25997924804688, 341.5189514160156, 94.21997833251953), 11), ('the evaluation and selection of the Eligible Green Projects to be financed through the Green Bond ', 11.039999961853027, (70.94400024414062, 114.49996948242188, 526.932861328125, 125.53997039794922), 11)]",3
21,Genneia_Green_Bond_Framework,"[('  Use of Proceeds', 13.0, (253.3719940185547, 486.5260314941406, 373.7857971191406, 502.2690124511719), 1), (' Use of Proceeds', 24.0, (99.51600646972656, 81.2969970703125, 301.04400634765625, 110.36100006103516), 8), ('bonds regarding the use of proceeds and its purchase of bonds should be based upon ', 9.0, (75.18603515625, 533.822021484375, 474.4561462402344, 544.7210693359375), 13), ('actions in this Framework in respect of use of proceeds, project evaluation and selection, ', 9.0, (75.18603515625, 565.322021484375, 474.45611572265625, 576.2210693359375), 13)]",1,"[('Process for Project Evaluation  ', 13.0, (269.6960144042969, 514.5280151367188, 468.7260437011719, 530.27099609375), 1), ('Process for Project Evaluation  ', 13.0, (269.6960144042969, 514.5280151367188, 468.7260437011719, 530.27099609375), 1), (' Process for Project ', 24.0, (108.03600311279297, 104.2969970703125, 347.34002685546875, 133.36099243164062), 9), ('Evaluation and Selection', 24.0, (73.71600341796875, 132.97698974609375, 365.1000671386719, 162.04098510742188), 9), ('project evaluation process also applies to our subsidiaries and affiliates.', 10.0, (75.18600463867188, 245.3289031982422, 428.2869567871094, 257.43890380859375), 9), ('actions in this Framework in respect of use of proceeds, project evaluation and selection, ', 9.0, (75.18603515625, 565.322021484375, 474.45611572265625, 576.2210693359375), 13), ('actions in this Framework in respect of use of proceeds, project evaluation and selection, ', 9.0, (75.18603515625, 565.322021484375, 474.45611572265625, 576.2210693359375), 13)]",2
22,FS_Green_Bond_Framework_-_July_2021,"[('Use of Proceeds ', 12.000450134277344, (110.63999938964844, 441.1795349121094, 222.5718994140625, 455.7480773925781), 11)]",0,"[('theme within the company. Furthermore, in the selection processes for ', 12.000450134277344, (80.04000091552734, 223.61953735351562, 516.6077880859375, 238.18807983398438), 5), ('Association are voluntary process for broad use when issuing Green ', 12.000450134277344, (85.08000183105469, 341.3395690917969, 514.9241333007812, 355.9081115722656), 11), ('Process for project evaluation and selection ', 12.000450134277344, (110.63999938964844, 423.4195556640625, 410.94134521484375, 437.98809814453125), 12), ('Process for project evaluation and selection ', 12.000450134277344, (110.63999938964844, 423.4195556640625, 410.94134521484375, 437.98809814453125), 12), ('Process for project evaluation and selection ', 12.000450134277344, (110.63999938964844, 423.4195556640625, 410.94134521484375, 437.98809814453125), 12), ('The investment selection process was adjusted at the end of ', 12.000450134277344, (120.47999572753906, 270.779541015625, 514.644775390625, 285.34808349609375), 14), ('assessment process if FS Committee deems necessary. Suppliers that ', 12.000450134277344, (85.08000183105469, 692.4595947265625, 514.8326416015625, 707.0281372070312), 14)]",0
23,CAFs_GREEN_BOND_FRAMEWORK,"[('1. Use of Proceeds ............................................................................................ 8 ', 12.0, (96.14399719238281, 183.92002868652344, 529.89599609375, 197.30003356933594), 3), ('1. Use of Proceeds, ', 11.039999961853027, (103.0999984741211, 135.9488067626953, 208.5591278076172, 148.25840759277344), 7), ('1. Use of Proceeds ', 14.039999961853027, (103.0999984741211, 246.78378295898438, 234.71311950683594, 262.4383850097656), 7), ('of the program in accordance to eligibility criteria defined in the Use of proceeds, CAF’s ', 11.039999961853027, (85.10399627685547, 383.4187927246094, 529.6515502929688, 395.7283935546875), 11), ('i) The selection of the use of proceeds for selected projects that have been previously ', 11.039999961853027, (103.0999984741211, 563.1987915039062, 529.9664306640625, 575.5084228515625), 11), ('information regarding the environmental impact of the projects and the use of the proceeds. ', 11.039999961853027, (85.10399627685547, 119.38880920410156, 530.1090698242188, 131.6984100341797), 15)]",2,"[('2. Process for Project Evaluation and Selection .............................................. 10 ', 12.0, (96.14399719238281, 203.8400115966797, 529.89599609375, 217.2200164794922), 3), ('2. Process for Project Evaluation and Selection .............................................. 10 ', 12.0, (96.14399719238281, 203.8400115966797, 529.89599609375, 217.2200164794922), 3), ('2. Process for Project Evaluation and Selection .............................................. 10 ', 12.0, (96.14399719238281, 203.8400115966797, 529.89599609375, 217.2200164794922), 3), ('Loan Selection Process ........................................................................ 11 ', 12.0, (140.05999755859375, 243.7100067138672, 529.89599609375, 257.0899963378906), 3), ('2. Process for Evaluation and Selection, ', 11.039999961853027, (103.0999984741211, 155.02882385253906, 307.09912109375, 167.3384246826172), 7), ('2. Process for Evaluation and Selection, ', 11.039999961853027, (103.0999984741211, 155.02882385253906, 307.09912109375, 167.3384246826172), 7), ('2. Process for Project Evaluation and Selection ', 14.039999961853027, (103.0999984741211, 336.9037780761719, 423.0431213378906, 352.5583801269531), 9), ('2. Process for Project Evaluation and Selection ', 14.039999961853027, (103.0999984741211, 336.9037780761719, 423.0431213378906, 352.5583801269531), 9), ('2. Process for Project Evaluation and Selection ', 14.039999961853027, (103.0999984741211, 336.9037780761719, 423.0431213378906, 352.5583801269531), 9), ('Loan Selection Process ', 12.0, (139.10000610351562, 437.8900146484375, 277.82598876953125, 451.2699890136719), 10)]",6
24,"BTG_Pactual_Green,_Social_and_Sustainable_Financing_Framework","[('Use of Proceeds ', 12.0, (184.590087890625, 602.76220703125, 281.0580749511719, 618.1822509765625), 1), ('terms of use of proceeds. This document serves ', 12.0, (313.0899963378906, 387.7625732421875, 562.13671875, 402.1625671386719), 12), ('Use of proceeds', 12.0, (46.69000244140625, 307.8548278808594, 131.768798828125, 322.25482177734375), 14), ('Use of Proceeds', 15.0, (36.25, 387.0630187988281, 152.7864990234375, 406.3380432128906), 14), ('Use of Proceeds.', 12.0, (313.08660888671875, 629.85107421875, 404.5146179199219, 644.2510375976562), 18)]",3,"[('Process for Project ', 12.0, (184.590087890625, 631.5621948242188, 297.68768310546875, 646.9822387695312), 1), ('Selection and Evaluation ', 12.0, (184.590087890625, 645.9622192382812, 328.22882080078125, 661.3822631835938), 1), ('Process for project evaluation and selection', 12.0, (48.7660026550293, 323.850830078125, 271.7727966308594, 338.2508239746094), 14), ('Process for project evaluation and selection', 12.0, (48.7660026550293, 323.850830078125, 271.7727966308594, 338.2508239746094), 14), ('Process for project evaluation and selection', 12.0, (48.7660026550293, 323.850830078125, 271.7727966308594, 338.2508239746094), 14), ('Process for Project Selection ', 15.0, (36.25, 499.0630187988281, 248.1520233154297, 518.3380126953125), 18)]",5
25,ILAP_Green_Financing_Framework,"[('1. Use of proceeds ', 8.800000190734863, (77.5999984741211, 470.6816101074219, 155.44239807128906, 481.3471984863281), 0), ('1. Use of proceeds ', 8.800000190734863, (46.400001525878906, 268.2815856933594, 124.24479675292969, 278.9471740722656), 1), ('contributing to the GBP and GLP objectives of climate change mitigation. Use of proceeds will involve the acquisition, ', 8.800000190734863, (49.5999755859375, 385.30963134765625, 523.5029907226562, 395.7640380859375), 1), ('project categories identified in the GBP and GLP. Therefore, we regard the framework as aligned with the use of proceeds ', 8.800000190734863, (49.599945068359375, 411.70965576171875, 540.3129272460938, 422.1640625), 1), ('The GBP and GLP stipulate that a seeker of finance should report on the use of proceeds annually until full ', 8.800000190734863, (46.400001525878906, 358.901611328125, 477.9126281738281, 369.35601806640625), 2), ('Commit to regular reporting of the environmental impact and use of proceeds. ', 8.800000190734863, (46.39360046386719, 596.5015869140625, 363.49200439453125, 606.9559936523438), 3)]",0,"[(' 2. Process for project evaluation and selection ', 8.800000190734863, (344.0, 470.6816101074219, 547.4391479492188, 481.3471984863281), 0), (' 2. Process for project evaluation and selection ', 8.800000190734863, (344.0, 470.6816101074219, 547.4391479492188, 481.3471984863281), 0), (' 2. Process for project evaluation and selection ', 8.800000190734863, (344.0, 470.6816101074219, 547.4391479492188, 481.3471984863281), 0), ('2. Process for project evaluation and selection ', 8.800000190734863, (46.400001525878906, 457.08160400390625, 241.0384063720703, 467.7471923828125), 1), ('2. Process for project evaluation and selection ', 8.800000190734863, (46.400001525878906, 457.08160400390625, 241.0384063720703, 467.7471923828125), 1), ('2. Process for project evaluation and selection ', 8.800000190734863, (46.400001525878906, 457.08160400390625, 241.0384063720703, 467.7471923828125), 1), ('exclusionary criteria, if applicable, and the overall sustainability objectives that underpin the selection process. ', 8.800000190734863, (46.400001525878906, 502.901611328125, 499.4944152832031, 513.3560180664062), 1)]",0
26,EGE_Haina_Green_Securities_Framework,"[('• Use of Proceeds\t', 10.0, (259.91290283203125, 656.4749145507812, 333.3119201660156, 669.0748901367188), 2), ('funds will be used in accordance with the terms and regulations stipulated under the “Use of Funds” sec\xad', 10.0, (72.0, 436.57000732421875, 504.0000915527344, 449.1700134277344), 3), ('the earned funds to the Trustor that will in turn use them in accordance to the “Use of Proceeds” ', 10.0, (136.0, 659.3200073242188, 541.9982299804688, 671.9199829101562), 8), ('The Green Securities’ goal is to facilitate the transparency in the use of funds, as well as integrity and ', 10.0, (108.0, 209.32000732421875, 542.0149536132812, 221.9199981689453), 10), ('Association (ICMA), which are focused on four key components: use of funds, project selection and eva\xad', 10.0, (108.0, 284.32000732421875, 540.0000610351562, 296.9200134277344), 10), ('Use of Proceeds', 11.0, (108.0, 477.9010009765625, 184.32789611816406, 492.4649963378906), 10), ('with the “use of funds” criteria set forth in the existing Framework and generate a measurable positive ', 10.0, (108.0, 489.82000732421875, 542.0379028320312, 502.4200134277344), 12), ('other eligible projects which, according to the “Use of Funds” section, are aligned with the Green Bond ', 10.0, (72.0, 519.8200073242188, 506.0018310546875, 532.4199829101562), 13), ('the “Use of Funds” section.', 10.0, (108.0, 114.81999969482422, 220.3290252685547, 127.41999816894531), 14), ('third party to ensure its compliance and will verify that the proceedings for use of proceeds, pro\xad', 10.0, (100.0, 581.1192016601562, 504.0000915527344, 593.7191772460938), 15)]",5,"[('• Project Selection and Evaluation Process\t', 10.0, (259.91290283203125, 669.4749145507812, 436.1708984375, 682.0748901367188), 2), ('Project Selection and Evaluation Process', 11.0, (108.0, 428.4010009765625, 304.5346984863281, 442.9649963378906), 12), ('The eligible project selection and evaluation process will be responsibility of EGE Haina’s Strategy ', 10.0, (108.0, 444.82000732421875, 541.9779052734375, 457.4200134277344), 12), ('detailed in the “Project Selection and Evaluation Process” section.', 10.0, (72.0, 399.82000732421875, 346.2860412597656, 412.4200134277344), 13), ('selection process. Likewise, these reports will be shared in the EGE Haina and Fiduciaria websites, and ', 10.0, (108.0, 324.82000732421875, 541.9998779296875, 337.4200134277344), 14), ('ject selection and evaluation, and the management of proceeds have been performed according ', 10.0, (100.0, 596.1192016601562, 506.00103759765625, 608.7191772460938), 15)]",1
27,CADU_GREEN_BOND_FRAMEWORK,"[('Use of Proceeds ', 11.039999961853027, (84.98400115966797, 127.81880187988281, 174.25912475585938, 140.12840270996094), 6), ('levels. CADU’s use of proceeds will be used for ECOCASA projects with IDG ratings of ', 11.039999961853027, (84.98400115966797, 231.99879455566406, 513.4871215820312, 244.3083953857422), 8)]",0,"[('selection processes; and, the reporting methodology.  ', 11.039999961853027, (84.98400115966797, 758.4647827148438, 371.84912109375, 770.7744140625), 0), ('Process for Project Evaluation and Selection  ', 11.039999961853027, (84.98400115966797, 308.5887451171875, 325.2691345214844, 320.8983459472656), 8), ('Process for Project Evaluation and Selection  ', 11.039999961853027, (84.98400115966797, 308.5887451171875, 325.2691345214844, 320.8983459472656), 8), ('Process for Project Evaluation and Selection  ', 11.039999961853027, (84.98400115966797, 308.5887451171875, 325.2691345214844, 320.8983459472656), 8)]",0
28,Bci_Sustainable_Financing_Framework,"[('Green Use of Proceeds instruments: ', 9.0, (62.832000732421875, 223.6020050048828, 213.67201232910156, 234.69000244140625), 6), ('bonds or loans in which the use of proceeds will be used exclusively', 9.0, (214.1999969482422, 223.6020050048828, 484.3710632324219, 234.69000244140625), 6), ('“Use of Proceeds” below) and that are aligned with the four green eligible categories described in', 9.0, (62.832000732421875, 247.3620147705078, 453.02703857421875, 258.45001220703125), 6), ('Social Use of Proceeds: ', 9.0, (62.832000732421875, 283.1419982910156, 161.8679962158203, 294.2300109863281), 6), ('bonds or loans in which the use of proceeds will be used exclusively to finance or ', 9.0, (161.86000061035156, 283.1419982910156, 487.18310546875, 294.2300109863281), 6), ('refinance, partially or totally, new and / or existing social assets (as defined in the section ""Use of Proceeds"" ', 9.0, (62.832000732421875, 295.02197265625, 498.0272216796875, 306.1099853515625), 6), ('Sustability Use of Proceeds: ', 9.0, (62.832000732421875, 330.781982421875, 181.1349639892578, 341.8699951171875), 6), ('bonds or loans in which the use of proceeds will be used exclusively to finance or ', 9.0, (181.05999755859375, 330.781982421875, 507.6880187988281, 341.8699951171875), 6), ('refinance, partially or totally, new or existing green and social assets (as defined in the section “Use of Proceeds” ', 9.0, (62.832000732421875, 342.6619873046875, 517.6563110351562, 353.75), 6), ('Use of proceeds', 9.0, (291.239990234375, 418.77197265625, 355.6890563964844, 429.8599853515625), 6), ('The use of proceeds from the sustainable bonds will be exclusively allocated to finance or refinance, ', 9.984000205993652, (45.47999954223633, 98.24569702148438, 482.878662109375, 110.54598999023438), 7), ('The detail related to the Use of Proceeds, ', 9.0, (309.42999267578125, 348.21197509765625, 477.4961853027344, 359.29998779296875), 12)]",10,"[('Process for ', 9.0, (277.7300109863281, 28.432018280029297, 325.4300537109375, 39.52001953125), 1), ('Process for ', 9.0, (277.7300109863281, 28.432018280029297, 325.4300537109375, 39.52001953125), 2), ('Process for ', 9.0, (277.7300109863281, 28.432018280029297, 325.4300537109375, 39.52001953125), 3), ('Process for ', 9.0, (277.7300109863281, 28.432018280029297, 325.4300537109375, 39.52001953125), 4), ('Process for ', 9.0, (277.7300109863281, 28.432018280029297, 325.4300537109375, 39.52001953125), 5), ('Process for project evaluation and selection', 9.0, (291.239990234375, 448.6519775390625, 467.4691467285156, 459.739990234375), 6), ('Process for project evaluation and selection', 9.0, (291.239990234375, 448.6519775390625, 467.4691467285156, 459.739990234375), 6), ('Process for project evaluation and selection', 9.0, (291.239990234375, 448.6519775390625, 467.4691467285156, 459.739990234375), 6), ('Process for ', 9.0, (277.7300109863281, 28.432018280029297, 325.4300537109375, 39.52001953125), 6), ('Process for ', 9.0, (277.7300109863281, 28.432018280029297, 325.4300537109375, 39.52001953125), 7), ('Process for ', 9.0, (277.7300109863281, 28.432018280029297, 325.4300537109375, 39.52001953125), 8), ('Process for ', 9.0, (277.7300109863281, 28.432018280029297, 325.4300537109375, 39.52001953125), 9), ('Process for', 9.0, (276.8900146484375, 28.432018280029297, 324.28387451171875, 39.52001953125), 10), ('Process for ', 9.0, (277.7300109863281, 28.432018280029297, 325.4300537109375, 39.52001953125), 11), ('Process for ', 9.0, (277.7300109863281, 28.432018280029297, 325.4300537109375, 39.52001953125), 12), ('Process for ', 9.0, (277.7300109863281, 28.432018280029297, 325.4300537109375, 39.52001953125), 13)]",0
29,FS_Green_Bond_Framework_-_November_2020,"[('Use of Proceeds ', 12.0, (110.66000366210938, 532.4500122070312, 222.67401123046875, 546.9940185546875), 7)]",0,"[('Capital Markets Association are voluntary process for broad use when ', 12.0, (85.10399627685547, 403.42999267578125, 514.7280883789062, 417.9739990234375), 7), ('Process for project evaluation and selection ', 12.0, (110.66000366210938, 514.9299926757812, 410.9739990234375, 529.4739990234375), 8), ('Process for project evaluation and selection ', 12.0, (110.66000366210938, 514.9299926757812, 410.9739990234375, 529.4739990234375), 8), ('Process for project evaluation and selection ', 12.0, (110.66000366210938, 514.9299926757812, 410.9739990234375, 529.4739990234375), 8), ('The investment selection process was adjusted at the end of ', 12.0, (120.5, 250.19000244140625, 514.3761596679688, 264.7340087890625), 10), ('assessment process if FS Committee deems necessary. Suppliers that ', 12.0, (85.10399627685547, 671.9199829101562, 514.7861938476562, 686.4639892578125), 10)]",0
30,Sicredi_Green_Bond_Framework,"[('2.1 Use of Proceeds .................................................................................................................... 4', 12.0, (84.02400207519531, 146.780029296875, 539.583984375, 158.780029296875), 1), (' (GBP) and its four key pillars: (i) use of proceeds; (ii) process for project ', 12.0, (185.5399932861328, 181.219970703125, 542.4138793945312, 193.219970703125), 3), ('2.1 Use of Proceeds  ', 12.960000038146973, (72.02400207519531, 389.57000732421875, 182.3489532470703, 402.5299987792969), 3), ('to monitor compliance with the aforementioned use of proceeds policies and sectorial policies. ', 12.0, (72.02400207519531, 436.3900146484375, 542.8119506835938, 448.3900146484375), 5), ('Use of proceeds indicators ', 11.039999961853027, (77.42400360107422, 93.62002563476562, 200.90504455566406, 104.66002655029297), 6)]",2,"[('2.2 Project evaluation & selection .............................................................................................. 5', 12.0, (84.02400207519531, 166.46002197265625, 539.583984375, 178.46002197265625), 1), (' (GBP) and its four key pillars: (i) use of proceeds; (ii) process for project ', 12.0, (185.5399932861328, 181.219970703125, 542.4138793945312, 193.219970703125), 3), ('evaluation and selection; (iii) management of proceeds; and (iv) reporting.  ', 12.0, (72.02400207519531, 196.46002197265625, 439.8219909667969, 208.46002197265625), 3), ('Project evaluation & selection  ', 12.960000038146973, (108.0199966430664, 579.0700073242188, 272.2589416503906, 592.0299682617188), 4)]",3
31,Nacional_Financiera_Green_Bond_USD,"[('3.1 Use of Proceeds ', 11.039999961853027, (90.50399780273438, 212.66000366210938, 181.43504333496094, 223.6999969482422), 1), ('with Nafin’s treasury and sustainability teams to understand the use of proceeds, management of ', 11.039999961853027, (72.38400268554688, 146.89999389648438, 542.270263671875, 157.9399871826172), 2), ('3.1 Use of Proceeds ', 14.039999961853027, (72.38400268554688, 109.73001098632812, 189.79302978515625, 123.77001190185547), 3), ('Activities generating energy from wind are eligible for the use of proceeds of the bond and will be the ', 11.039999961853027, (72.38400268554688, 181.10000610351562, 542.33251953125, 192.13999938964844), 3), ('Financial: Review of the use of funds and the source of repayment during the financing.  ', 11.039999961853027, (72.38400268554688, 311.69000244140625, 467.83502197265625, 322.7300109863281), 4), ('Nafin will provide an annual report on the Use of Proceeds indicating the projects that were allocated ', 11.039999961853027, (72.38400268554688, 332.45001220703125, 542.239501953125, 343.4900207519531), 5), ('funded by the Green Bond in order to assess the compliance of projects with the use of proceeds criteria ', 11.039999961853027, (72.38400268554688, 460.6300048828125, 542.2163696289062, 471.6700134277344), 5), ('use of proceeds criteria defined in the framework. Sustainalytics will provide a report of the evaluation, ', 11.039999961853027, (72.38400268554688, 487.510009765625, 542.270751953125, 498.5500183105469), 5), ('fully compliant with the use of proceeds criteria. ', 11.039999961853027, (72.38400268554688, 475.2699890136719, 291.5050354003906, 486.30999755859375), 7), ('with its four components – the use of proceeds, process of project evaluation and selection, management ', 11.039999961853027, (72.38400268554688, 623.0199584960938, 542.20263671875, 634.0599975585938), 7), ('allocation of the funds’ use of proceeds. ', 11.039999961853027, (72.38400268554688, 310.489990234375, 251.90504455566406, 321.5299987792969), 12)]",2,"[('3.2 Project Selection Process ', 11.039999961853027, (90.50399780273438, 225.98001098632812, 221.18504333496094, 237.02000427246094), 1), ('3.2 Project Selection Process ', 14.039999961853027, (72.38400268554688, 356.3600158691406, 241.6630401611328, 370.4000244140625), 3), ('with its four components – the use of proceeds, process of project evaluation and selection, management ', 11.039999961853027, (72.38400268554688, 623.0199584960938, 542.20263671875, 634.0599975585938), 7), ('with its four components – the use of proceeds, process of project evaluation and selection, management ', 11.039999961853027, (72.38400268554688, 623.0199584960938, 542.20263671875, 634.0599975585938), 7), ('The assessment process should, in the first instance, address ', 11.039999961853027, (240.77000427246094, 222.13998413085938, 558.357666015625, 233.1799774169922), 10)]",1
32,Green_Bond_Financing_Framework,"[('Use of Proceeds ', 11.039999961853027, (108.0199966430664, 566.1099853515625, 182.51504516601562, 577.1500244140625), 6), ('Use of Proceeds - Eligible Green Projects', 15.960000038146973, (126.0199966430664, 163.12997436523438, 393.7673645019531, 179.08998107910156), 7)]",1,"[('5.2      Process of Project Evaluation and Selection ', 14.039999961853027, (144.02000427246094, 238.37002563476562, 434.04302978515625, 252.41001892089844), 1), ('5.2      Process of Project Evaluation and Selection ', 14.039999961853027, (144.02000427246094, 238.37002563476562, 434.04302978515625, 252.41001892089844), 1), ('Process for Project Evaluation and Selection ', 11.039999961853027, (108.0199966430664, 579.5499877929688, 306.6250305175781, 590.5900268554688), 6), ('Process for Project Evaluation and Selection ', 11.039999961853027, (108.0199966430664, 579.5499877929688, 306.6250305175781, 590.5900268554688), 6), ('Process for Project Evaluation and Selection ', 11.039999961853027, (108.0199966430664, 579.5499877929688, 306.6250305175781, 590.5900268554688), 6), ('Process of Project Evaluation and Selection', 15.960000038146973, (126.0199966430664, 559.1800537109375, 411.4966125488281, 575.1400146484375), 8), ('Process of Project Evaluation and Selection', 15.960000038146973, (126.0199966430664, 559.1800537109375, 411.4966125488281, 575.1400146484375), 8)]",5
33,Green_Bond_Framework_of_Banco_Guayaquil,"[('First Principle – Use of Proceeds ............................................................................................................... 7 ', 11.039999961853027, (118.54192352294922, 183.2277374267578, 530.4415283203125, 197.43621826171875), 2), ('Principles (GBP), updated in 2021, which include: Use of Proceeds; Process for ', 11.039999961853027, (85.54192352294922, 287.1477355957031, 530.9384765625, 301.356201171875), 5), ('criteria established for the use of funds in this Green Bond Framework, in accordance with the ', 9.119999885559082, (85.54192352294922, 688.6197509765625, 453.9281311035156, 699.7553100585938), 5), ('First Principle – Use of Proceeds ', 12.960000038146973, (139.5419158935547, 92.83221435546875, 364.1390380859375, 109.51173400878906), 6), ('for the Use of Proceeds as specified above. Proceeds may be used for capital ', 11.039999961853027, (85.54192352294922, 267.2277526855469, 530.940185546875, 281.43621826171875), 10), ('categories and criteria specified in Section I (Use of Funds); ', 11.039999961853027, (110.64201354980469, 314.98773193359375, 456.75244140625, 329.1961975097656), 11), ('for the collation and reporting on the use of proceeds, as well as to track ', 11.039999961853027, (103.54192352294922, 187.5477294921875, 530.8612060546875, 201.75621032714844), 13), ('Section I (Use of Proceeds)', 11.039999961853027, (168.92010498046875, 498.3477478027344, 322.90606689453125, 512.5562133789062), 13), ('monitoring the use of funds. ', 11.039999961853027, (85.54192352294922, 458.2677307128906, 254.35726928710938, 472.4761962890625), 15)]",3,"[('Second Principle – Process for Project Evaluation and Selection ............... 12 ', 11.039999961853027, (118.54192352294922, 201.4677276611328, 530.4415283203125, 215.67620849609375), 2), ('Second Principle – Process for Project Evaluation and Selection ............... 12 ', 11.039999961853027, (118.54192352294922, 201.4677276611328, 530.4415283203125, 215.67620849609375), 2), ('Second Principle – Process for Project Evaluation and Selection ............... 12 ', 11.039999961853027, (118.54192352294922, 201.4677276611328, 530.4415283203125, 215.67620849609375), 2), ('Principles (GBP), updated in 2021, which include: Use of Proceeds; Process for ', 11.039999961853027, (85.54192352294922, 287.1477355957031, 530.9384765625, 301.356201171875), 5), ('Project Evaluation and Selection; Management of Proceeds; and Reporting. ', 11.039999961853027, (85.54192352294922, 300.3477478027344, 522.0599975585938, 314.55621337890625), 5), ('Project Evaluation and Selection; Management of Proceeds; and Reporting. ', 11.039999961853027, (85.54192352294922, 300.3477478027344, 522.0599975585938, 314.55621337890625), 5), ('Second Principle – Process for Project Evaluation and ', 12.960000038146973, (139.5419158935547, 71.71221160888672, 531.5729370117188, 88.39173126220703), 11), ('Second Principle – Process for Project Evaluation and ', 12.960000038146973, (139.5419158935547, 71.71221160888672, 531.5729370117188, 88.39173126220703), 11), ('The Eligible Project Evaluation and Selection Process aims to ensure that ', 11.039999961853027, (85.54192352294922, 114.58773803710938, 531.135009765625, 128.7962188720703), 11), ('The Eligible Project Evaluation and Selection Process aims to ensure that ', 11.039999961853027, (85.54192352294922, 114.58773803710938, 531.135009765625, 128.7962188720703), 11), ('The Eligible Project Evaluation and Selection Process aims to ensure that ', 11.039999961853027, (85.54192352294922, 114.58773803710938, 531.135009765625, 128.7962188720703), 11)]",6
34,Marco_de_referencia_de_Bonos_Verdes_Soberanos_de_Colombia,"[('Use of proceeds ', 11.0, (360.3396911621094, 494.72601318359375, 439.4066162109375, 507.93701171875), 3), ('green portfolio (see section a. Use of Proceeds). ', 9.699999809265137, (312.0, 192.61102294921875, 529.4946899414062, 204.26072692871094), 14), ('a.\t Use of proceeds', 9.699999809265137, (312.0, 335.6109924316406, 390.5499267578125, 347.2607116699219), 14), ('a. Use of proceeds', 12.0, (312.0, 463.9993896484375, 421.3788757324219, 479.13140869140625), 14), ('Use of Proceeds – Eligible Green Expenditures. The ', 9.699999809265137, (312.0, 504.61102294921875, 529.47412109375, 516.2607421875), 19), ('established in section a. Use of Proceeds, the net ', 9.699999809265137, (85.03939819335938, 439.6109924316406, 302.5270690917969, 451.2607116699219), 20), ('an annual report on the use of proceeds that shall ', 9.699999809265137, (85.03939819335938, 244.61102294921875, 302.5162353515625, 256.2607421875), 21)]",3,"[('Process for Project Evaluation and ', 11.0, (360.989013671875, 521.1259765625, 525.1079711914062, 534.3369750976562), 3), ('Process for Project Evaluation and ', 11.0, (360.989013671875, 521.1259765625, 525.1079711914062, 534.3369750976562), 3), ('b.\tProcess for Project Evaluation and Selection ', 9.699999809265137, (312.0, 348.6109924316406, 508.8801574707031, 360.2607116699219), 14), ('b.\tProcess for Project Evaluation and Selection ', 9.699999809265137, (312.0, 348.6109924316406, 508.8801574707031, 360.2607116699219), 14), ('b.\tProcess for Project Evaluation and Selection ', 9.699999809265137, (312.0, 348.6109924316406, 508.8801574707031, 360.2607116699219), 14), ('b. Process for Project Evaluation ', 12.0, (85.03939819335938, 351.2341003417969, 282.3302001953125, 366.3661193847656), 19), ('b. Process for Project Evaluation ', 12.0, (85.03939819335938, 351.2341003417969, 282.3302001953125, 366.3661193847656), 19), ('The evaluation and selection of eligible green ex\xad', 9.699999809265137, (85.03939819335938, 387.6109924316406, 300.0000915527344, 399.2607116699219), 19), ('for the evaluation and selection of eligible green ex\xad', 9.699999809265137, (312.0, 621.6110229492188, 526.9608154296875, 633.2607421875), 19), (' Eligible Green Expenditure Evaluation and Selection Process', 9.699999809265137, (121.0062026977539, 88.61103057861328, 373.7978210449219, 100.26072692871094), 20), (' Eligible Green Expenditure Evaluation and Selection Process', 9.699999809265137, (121.0062026977539, 88.61103057861328, 373.7978210449219, 100.26072692871094), 20)]",5
35,Green_Finance_Framework_Interchile,"[('4.1 Use of Proceeds .................................................................................................................................. 8 ', 11.039999961853027, (83.06400299072266, 231.74002075195312, 542.1150512695312, 242.78001403808594), 1), ('Use of Proceeds ', 11.039999961853027, (108.0199966430664, 175.69998168945312, 182.51504516601562, 186.73997497558594), 7), ('4.1 Use of Proceeds', 12.960000038146973, (72.02400207519531, 308.57000732421875, 175.6228790283203, 321.5299987792969), 7)]",2,"[('4.2 Process for Project Evaluation and Selection ................................................................................... 10 ', 11.039999961853027, (83.06400299072266, 251.20999145507812, 542.1150512695312, 262.25), 1), ('4.2 Process for Project Evaluation and Selection ................................................................................... 10 ', 11.039999961853027, (83.06400299072266, 251.20999145507812, 542.1150512695312, 262.25), 1), ('4.2 Process for Project Evaluation and Selection ................................................................................... 10 ', 11.039999961853027, (83.06400299072266, 251.20999145507812, 542.1150512695312, 262.25), 1), ('Process for Evaluation and Selection ', 11.039999961853027, (108.0199966430664, 190.22000122070312, 272.3050231933594, 201.25999450683594), 7), ('Process for Evaluation and Selection ', 11.039999961853027, (108.0199966430664, 190.22000122070312, 272.3050231933594, 201.25999450683594), 7), ('4.2 Process for Project Evaluation and Selection ', 12.960000038146973, (72.02400207519531, 111.74002075195312, 323.37896728515625, 124.70001983642578), 9), ('4.2 Process for Project Evaluation and Selection ', 12.960000038146973, (72.02400207519531, 111.74002075195312, 323.37896728515625, 124.70001983642578), 9), ('4.2 Process for Project Evaluation and Selection ', 12.960000038146973, (72.02400207519531, 111.74002075195312, 323.37896728515625, 124.70001983642578), 9)]",5
