,pdfname,tablePages_list,table.Headers_list,countCat_words,unique compliant Categories_list,energy_system_tbl,table_idx_list,unique Cats all,simScores for cleanup,simScores for ES
0,Green_social_bond_framework_series_ad_ae_2019,"[3, 6, 7]","[['Category', 'Project name', 'Goal'], ['Categories of\nEligible Projects', 'Type of\nProject', 'Results\nIndicators', 'Environmental\nImpact Indicators', 'Social Impact\nindicators'], ['Col0', 'Col1', 'Col2', 'degrading uses;\nISO 14,046).', 'Col4']]",2,"['potable water supply', 'sanitation']",False,"[0, 0, 0, 1, 1, 1]","['potable water supply', 'sanitation', 'resilient infrastructure']","                                     0
potable water supply water    0.846944
potable water supply potable  0.828760
sanitation sanitation         1.000000","Empty DataFrame
Columns: []
Index: []"
1,ISA_CTM_FRAMEWORK,"[4, 5, 7, 8, 9, 15, 16, 17, 18]","[['Eligible Project Category', 'Questions', 'Alignment to the UN SDGs'], ['Col0', '• Investments including smart grid projects, smart\nsensors/meters, and automation systems to improve\nenergy efficiency of the grid\nInvestments into energy storage systems\n• Acquisition, connection, construction, development and/or\noperation of energy storage and battery systems to support\nstabilizing of the grid and management of peak/valley\nenergy generation', 'Col2'], ['Col0', 'Green Bond ISA CTM 2034'], ['Maturity', 'April 16, 2034'], ['Col0', 'Col1', 'Col2', 'Mantaro-Nueva Yanango-Carapongo and\nassociated', 'Finance\nGreen Project', 'Col5'], ['Project', 'Impact', 'Description'], ['Col0', 'Col1', 'connected to the power station. The ring connection is constituted as\na direct contribution so that the Central can evacuate its energy to the\nsystem more reliably.'], ['Col0', 'Col1', 'the Mantaro and Cerro del Águila power plants, to reach more\nimportant and reliable loads in the country, such as: the city of\nAyacucho, the DoeRun Mine and the cities of Ayacucho and VRAEM\n(Valley of Apurimac, Ene and Mantaro), cities that for several years\nsuffered from an unreliable energy supply.'], ['Col0', 'Reduction of Non-Green Energies', 'Thanks to the abundant water resources, the central zone of Peru is a\nlarge nucleus of hydroelectric generation. To the emblematic complex\nof the Mantaro, the construction of two important projects, the Cerro\ndel Águila Power Plant and the Chaglla Power Plant, have been added\nin recent years, their joint generation is around 2,000 MW. The YANA-\nCOYA projects will contribute to the efficient transport of the large\namount of energy coming from these two plants.\nThese projects are integrated with each other and will allow to meet\nthrough the National Interconnected Electric System the expected\nincrease in the demand for electric power, as well as the strengthening\nof the electric transmission capacity in the central zone of Peru and\nLima in a timely manner and with quality.']]",2,"['energy efficiency', 'renewable energy']",True,"[0, 0]","['energy efficiency', 'renewable energy']","                                     0
energy efficiency renewable   0.665412
energy efficiency efficiency  0.900489
renewable energy renewable    0.920116
renewable energy solar        0.703799","             0
renewable  1.0"
2,CABEI_Green_Bond_Framework,"[7, 8, 9, 10, 12]","[['Eligible\nGreen\nProjects\nCategories', 'Sub-categories', 'Definition of Eligibility criteria', 'Environmental\nbenefits', 'Alignment\nwith the\nUN SDGs'], ['Col0', 'Col1', 'Stewardship Council (FSC),\nProgramme for the Endorsement\nof Forest Certification systems\n(PEFC) or equivalent\n▪ Forest regeneration:\nExpenditures related to the\nrestoration and conservation of\nexisting native forests, forest\nplantations, and preservation\nand extension of indigenous\nresource rights', 'Col3', 'Col4'], ['Col0', 'Col1', 'Agriculture Movements\n(IFOAM)\n▪ Integrated Production\nSystems: Improved moisture\nretention, biota of soil\napproach which combines\ncrop-forestry-livestock,\nexcluding beef and palm oil\nproduction.\nNAMA Projects: Grants and\nloans that support the\nexpansion of Nationally\nAppropriate Mitigation\nAction (NAMA) projects\naimed at coffee and cocoa\nfarmers and mill operators\nthat adopt low-carbon\ntechnologies and practices.', 'Col3', 'Col4'], ['Col0', 'Water\ndistribution3', '▪ Installation or upgrade of water\nefficient irrigation systems\n▪ Construction or upgrade of\nsustainable infrastructure for\ndrinking water', 'Col3', 'Col4'], ['Eligible Green\nProjects\nCategories', 'Sub-categories', 'Examples of output\nindicators', 'Examples of impact indicators']]",3,"['renewable energy', 'sustainable land use', 'water management']",True,"[0, 4, 4, 4, 4]","['clean transport', 'renewable energy', 'sustainable land use', 'water management']","                                   0
renewable energy renewable  0.920116
renewable energy solar      0.703799
sustainable land use land   0.758695
water management water      0.811947","             0
renewable  1.0"
3,CAFs_GREEN_BOND_FRAMEWORK,"[1, 2, 8, 9]","[['Measure of Units', 'Col1'], ['Graphics', 'Content'], ['Eligible Green Project\nCategories', 'Eligibility criteria'], ['Water management and\nprojects', 'Financing sustainable equipment, development, manufacturing,\nconstruction, operation and maintenance of:\n- Clean and/or drinking water\n- Wastewater treatment\n- Sustainable urban drainage systems\n- Flood and drought protection']]",4,"['clean transportation', 'renewable energy', 'waste management', 'sustainable management of living natural resources and land use']",True,"[2, 2, 2, 2]","['clean transportation', 'renewable energy', 'waste management', 'sustainable management of living natural resources and land use']","                                                           0
clean transportation transportation                 0.816690
renewable energy renewable                          0.920116
renewable energy solar                              0.703799
waste management waste                              0.828647
sustainable management of living natural resour...  0.674387","             0
renewable  1.0"
4,"BTG_Pactual_Green,_Social_and_Sustainable_Financing_Framework","[15, 16, 17, 19]","[['Green\nProject\nCategory', 'Use of\nProceeds', 'Eligibility\nCriteria', 'Objectives', 'Beneftis', 'SDG\nAlignment'], ['Green\nProject\nCategory', 'Use of\nProceeds', 'Eligibility\nCriteria', 'Objectives', 'Beneftis', 'SDG\nAlignment'], ['Social Project\nCategory', 'Use of\nProceeds', 'Target\nPopulations', 'Objectives', 'Beneftis', 'SDG\nAlignment'], ['Project Category', 'Reporting indicators']]",6,"['clean transportation', 'sustainable water and wastewater management', 'renewable energy', 'green buildings', 'energy efcfi iency', 'afof rdable housing']",True,"[0, 1, 1, 1, 1, 2, 2, 3, 3, 3, 3, 3, 3, 3]","['clean transportation', 'sustainable water and wastewater management', 'renewable energy', 'afof rdable basic infrastructure', 'green buildings', 'energy efcfi iency', 'afof rdable housing']","                                                           0
clean transportation transportation                 0.816690
sustainable water and wastewater management waste   0.658628
sustainable water and wastewater management water   0.755144
sustainable water and wastewater management was...  0.741459
renewable energy renewable                          0.920116
renewable energy solar                              0.703799
green buildings buildings                           0.839943
energy efcfi iency renewable                        0.682400
energy efcfi iency power                            0.657853
afof rdable housing housing                         1.000000","             0
renewable  1.0"
5,Sicredi_Green_Bond_Framework,"[4, 6]","[['Eligible\nCategories', 'Description', 'Objectives &\nbenefits', 'SDG Target'], ['Indicator', 'Description']]",2,"['energy efficiency', 'renewable energy']",True,"[0, 0]","['energy efficiency', 'renewable energy']","                                     0
energy efficiency renewable   0.665412
energy efficiency efficiency  0.900489
renewable energy renewable    0.920116
renewable energy solar        0.703799","             0
renewable  1.0"
6,Green_Bond_Financing_Framework,"[7, 8, 10]","[['Eligible Category aligned\nwith ICMA Green Bond\nPrinciples', 'Eligibility Criteria', 'SDG Alignment'], ['Energy Efficiency', 'Expenditures primarily dedicated to\nLithium extraction and processing for\napplication in the manufacture of\nbatteries for Energy Storage.', 'SQM’s expenditures support progress\ntowards SDG targets 7.1, 7.2 and 7.3,\nby enabling the provision of efficient\nand renewable energy services.'], ['Project Category', 'Example Key Performance Indicator']]",2,"['clean transportation', 'energy efficiency']",False,"[0, 2, 2]","['clean transportation', 'energy efficiency']","                                            0
clean transportation transportation  0.816690
energy efficiency renewable          0.665412
energy efficiency efficiency         0.900489","Empty DataFrame
Columns: []
Index: []"
7,Green_Bond_Framework_of_Banco_Guayaquil,"[6, 7, 8, 9, 10, 18, 19, 29, 30, 31, 38, 39]","[['GBP Eligible\nGreen Assets\nCategory', 'Banco Guayaquil Eligibility Criteria', 'SDGs goals\nand targets'], ['Col0', 'Examples:\n• Installation of electronic systems for the\ncontrol and/or reduction of energy use\nin buildings.\n• Expenditures on upgrades to heating,\nventilation, air conditioning, lighting\n(replacement to LED lights), motion\ndetector systems, skylights, building\nenvelopes (insulation, cool roofing, air\nsealing, etc.), etc.\n• Replacement, production, or purchase of\nmachinery/equipment with Energy Star\nseals5, rating A, AA, A+ (Ecuador), Energy\nSystem or Inverter.\nExclusions:\n• Projects involving fossil fuels.\n• Projects whose improvements in energy\nefficiency are less than 20% (without\nincreasing production capacity).', '9.4'], ['Col0', 'o For hydroelectric installations in\noperation during or after 2020: that\nhave a power density > 10W/m2; or\ngenerate GHG emissions < 50g\nCO e/kWh.\n2\n• Geothermal energy6: development,\nconstruction, and operation of\ngeothermal power generation facilities;\ngeothermal projects with mitigation\ntechnologies that will make emissions of\nnon-condensable gases to the\natmosphere negligible; geothermal\nprojects reviewed and registered under\nthe Clean Development Mechanism7.\n• Development, construction, installation,\nand maintenance of biomass facilities\nthat avoid negative impacts on\nbiodiversity, ecosystems, and High\nConservation Value areas (that do not\ncompete with food production, deplete\nexisting terrestrial resources and carbon\nstocks or other areas of high biodiversity).\n• Cogeneration energy, using 100%\nrenewable energy.\nExclusions:\n• Generation projects based on fossil fuels.\n• Nuclear energy projects.\n• Geothermal energy and cogeneration\nprojects with direct emissions above 100g\nCO /kWh.\n2\n• Biomass projects not from agroforestry\nresidues and/or sustainable sources (EU\ntaxonomy, Annex IX, part A).\n• Hydroelectric projects with a capacity\ngreater than 10MW.', '12.4'], ['living natural\nresources', 'A) Environmentally sustainable agriculture\nand forestry projects; climate-smart\nagricultural inputs, such as biological crop\nprotection or drip irrigation;\nenvironmentally sustainable fisheries and\naquaculture; sustainable forestry; and\nconservation or restoration of natural\nlandscapes.\nExamples:\n• Afforestation or reforestation of degraded\nareas (with increased GHG sequestration)\nor sustainable management of planted\nforests.\n• Precision agriculture; purchase of\nmachinery, technological change and\nmore efficient and/or low-carbon\nagriculture projects; drip, micro-sprinkler,\nor more efficient irrigation systems; use of\norganic fertilizers.\n• Projects/producers with international\nenvironmental and social certifications\nincluded in Annex 5.\nExclusions:\n• Livestock projects.', '12.2\n15.a'], ['Col0', 'energy use, emissions, water use and\nwaste by at least 30%.\nExamples:\n• New buildings or improvements to\nexisting buildings that improve air quality,\nuse materials with a lower environmental\nfootprint, allow soil remediation or\nregeneration, and/or allow better\ntransportation connectivity, achieving a\nminimum level of efficiency as indicated\nin subsection B or obtaining any of the\ncertifications mentioned in subsection A.', 'Col2'], ['Indicator', 'Measurement\nunit', 'Description'], ['Water consumption\nsavings', 'm³', '= Water consumption in m3 (per year)\navoided or reduced due to the project\nimplementation'], ['Col0', 'Col1', 'Col2', 'Col3'], ['Col0', 'Col1', 'Col2', 'Col3'], ['Col0', 'Col1', 'Col2', 'Col3'], ['Col0', 'Col1', 'Col2'], ['Col0', 'Col1', '•\n•\n•']]",2,"['energy efficiency', 'renewable energy']",True,"[0, 1, 1, 1, 1]","['energy efficiency', 'renewable energy']","                                     0
energy efficiency renewable   0.665412
energy efficiency efficiency  0.900489
renewable energy renewable    0.920116
renewable energy solar        0.703799","             0
renewable  1.0"
8,Green_Finance_Framework_Interchile,[8],"[['Eligible Project Category', 'Questions', 'Alignment to the UN SDGs']]",3,"['energy efficiency', 'renewable energy', 'climate change adaptation']",True,"[0, 0, 0]","['renewable energy', 'energy efficiency', 'climate change adaptation']","                                             0
renewable energy renewable            0.920116
renewable energy solar                0.703799
energy efficiency renewable           0.665412
energy efficiency efficiency          0.900489
climate change adaptation adaptation  0.708394","             0
renewable  1.0"
9,Chile_Sustainable_Bond_Framework,"[0, 19, 20, 21, 22, 23, 24, 25, 26, 30, 37, 38, 42]","[['Col0', 'Ministry of\nFinance\nGovernment of Chile'], ['Green Sectors', 'Eligible Green Expenditures', 'Col2', 'Environmental Benefits', 'Contributions'], ['Green Sectors', 'Eligible Green Expenditures', 'Col2', 'Environmental Benefits', 'Contributions'], ['Green Sectors', 'Eligible Green Expenditures', 'Col2', 'Environmental Benefits', 'Contributions'], ['Green Sectors', 'Eligible Green Expenditures', 'Col2', 'Environmental Benefits', 'Contributions'], ['Eligible\nCategory', 'Eligibility Criteria', 'Col2', 'Social Benefit', 'Contribution to\nMDGs'], ['Eligible\nCategory', 'Eligibility Criteria', 'Col2', 'Social Benefit', 'Contribution to\nMDGs'], ['Eligible\nCategory', 'Eligibility Criteria', 'Col2', 'Social Benefit', 'Contribution to\nMDGs'], ['Eligible\nCategory', 'Eligibility Criteria', 'Col2', 'Social Benefit', 'Contribution to\nMDGs'], ['Ministry of\nFinance\nTreasury\nGeneral Account\nMinistry A Ministry B Ministry n\nProject 1 Project 2 Project 3', 'Col1', 'Col2', 'Col3', 'Col4', 'Col5'], ['Eligible Green\nCategory', 'Example of Indicator', 'Environmental Impact\nIndicator'], ['Eligible Social Category', 'Example of Indicator'], ['Col0', 'Ministry of\nFinance\nGovernment of Chile']]",8,"['energy efficiency', 'access to basic housing', 'renewable energy', 'access to affordable housing', 'green buildings (ecological buildings)', 'natural resources, use of land and protected marine areas', 'food security', 'water management']",True,"[5, 5, 5, 5, 6, 6, 7, 7, 7, 8, 8, 10, 10, 10, 10, 10, 10, 11, 11, 11, 11, 11, 11, 11, 11, 11]","['support for the community through job creation', 'support for older adults or persons with special needs who belong to vulnerable sectors', 'clean transport', 'access to education', 'support for human rights victims', 'access to essential health services', 'energy efficiency', 'access to basic housing', 'social programs designed to prevent and/ or alleviate unemployment derived from socioeconomic crises, including through the potential effect of financing smes and micro finances.', 'renewable energy', 'access to affordable housing', 'support for low-income families', 'green buildings (ecological buildings)', 'natural resources, use of land and protected marine areas', 'food security', 'support for the elderly or people with special needs in vulnerable situation', 'water management', 'social programs designed to prevent and/or alleviate unemployment stemming from the socioeconomic crisis, even through the potential effect of financing of the smes and micro finances']","                                                           0
energy efficiency renewable                         0.665412
energy efficiency efficiency                        0.900489
access to basic housing housing                     0.690239
renewable energy renewable                          0.920116
renewable energy solar                              0.703799
access to affordable housing housing                0.736917
green buildings (ecological buildings) buildings    0.801658
natural resources, use of land and protected ma...  0.669165
food security food                                  0.779881
water management water                              0.811947","             0
renewable  1.0"
10,Genneia_Green_Financing_Framework,"[5, 7]","[['Col0', '20161', '20202', '20251', '20301'], ['Eligible\nProject\nCategory', 'Eligibility Criteria\nand Project Examples', 'SDG\nAlignment']]",1,['renewable energy'],True,[1],['renewable energy'],"                                   0
renewable energy renewable  0.920116
renewable energy solar      0.703799","             0
renewable  1.0"
11,Nacional_Financiera_Green_Bond_MXN,"[3, 9, 10, 11, 17]","[['Categoría', 'Actividades elegibles'], ['Col0', 'Proyecto', 'C. Hidroeléctrica 1', 'Parque Eólico', 'C. Hidroeléctrica 2'], ['Principio', 'Descripción'], ['Plan de Acción de los\nPrincipios del Ecuador', 'Gestión Ambiental y Social (ESMS, por sus siglas en inglés) y un Plan de Gestión\nAmbiental y Social (ESMP, por sus siglas en inglés) cuando sea apropiado.'], ['Número', 'Nombre del Documento']]",2,"['pequeñas centrales hidroeléctricas', 'centrales eólicas (solo terrestres)']",True,"[0, 0]","['pequeñas centrales hidroeléctricas', 'centrales eólicas (solo terrestres)']","                                                           0
pequeñas centrales hidroeléctricas hidroelectri...  0.712867
pequeñas centrales hidroeléctricas construcciones   0.709003
centrales eólicas (solo terrestres) cuadrícula ...  0.872408","                          0
hidroelectricidad  0.815316
cuadrícula (sólo)  0.952413"
12,Marco_de_Gestión_de_Bono_Verde,"[5, 8, 9]","[['Norma de\nDesempeño', 'Estatus1', 'Descripción'], ['Categoría de\nProyecto Verde\nElegible', 'Descripción de elegibilidad', 'Alineamiento\ncon ODS de\nla ONU'], ['Indicador', 'Unidad de Medida']]",1,['proyecto de energías renovables (energía hidroeléctrica – contribución a mitigación del cambio climático)'],True,[1],['proyecto de energías renovables (energía hidroeléctrica – contribución a mitigación del cambio climático)'],"                                                           0
proyecto de energías renovables (energía hidroe...  0.654013","                          0
cuadrícula (sólo)  0.952413
bioenergía         0.819848
hidroelectricidad  0.811289
Hidroeléctrico     0.847190"
13,"Marco_de_Uso_de_Fondo_para_la_Emision_de_Bonos_Verdes,_Sociales_o_Sostenibles_BDP_I","[3, 4, 8, 16, 18, 19, 20, 21, 22, 23, 24, 25, 26, 27, 28, 29, 38, 41, 42, 43, 44, 45, 46, 47, 48, 52, 53, 54, 55, 56, 57, 58, 59, 66, 67, 68, 69, 70, 71, 72]","[['Contribuciones Nacionales Determinadas (NDCs, por sus siglas en inglés).', 'Col1'], ['Acrónimos\nAbreviatura', 'Descripción'], ['Objetivo Estratégico', 'Col1', 'Lineamientos estratégicos propuestos', 'Col3'], ['Col0', 'Componente', 'Col2', 'Col3', 'Descripción', 'Col5'], ['Col0', 'Col1', 'Tabla 5 Uso de los Fondos para financiar Proyectos verdes.'], ['Energías\nrenovables', 'Promover el desarrollo de Energía solar11 Mitigación del cambio\ntecnologías de energías Instalación de parque climático.\nrenovables. solares fotovoltaicos: Provisión de\nLos proyectos verdes elegibles -Paneles Solares infraestructura de bajo\nincluyen: carbono a largo plazo.\n-Inversores\n1.- Proyectos de generación de -Baterías Reducción de gases de\nenergía 23 (eléctrica y térmica) efecto invernadero.\n-Instalaciones\nmediante fuentes de energía\nrenovable, conectados a la red o -Transformadores\nen sistemas aislados, tales -Sistema de control y\ncomo: automatización\na) Energía eólica4, Infraestructura de\nTransmisión totalmente\nb) Energía solar 5, dedicada para\nd) Energía a partir de biomasa 6 instalaciones de\n7 8, generación de\nelectricidad solar 12.\ne) Generación de biogás 6 7 8,\nEnergía solar Térmica13\nf) Cogeneración a partir de Instalaciones de\nresiduos agrícolas y forestales 6 calefones solares\n7 8.\nEnergía eólica\n2.- Proyectos de reconversión Instalación de\ndel uso de energía hacia generación de parques\nenergías renovables 6 7 8. eólicos terrestres:\n3.- Proyectos de producción de - Aerogeneradores\nhidrógeno verde sujeto al marco - Sistema de Instalación\nregulatorio del país 9 10.\n- Sistema de Control\n4.- Proyectos de producción de - Sistema de\nbiocombustibles sujeto al marco almacenamiento.\nregulatorio del país.\nInfraestructura de\n5. Producción de hidrógeno transmisión y soporte\nverde, sujeto al marco especializada.\nregulatorio del país.\nGeneración de energía\na partir de biomasa\nInstalaciones de\nproducción de biomasa\npara la producción de'], ['Col0', 'electricidad.\nGeneración de Biogás\nInstalación de\nManufactura dedicada\nal desarrollo de\nbioenergía.\nReconversión del uso\nde energía hacia\nenergías renovables.\n-Construcción de la\nplanta\n-Sistemas de control y\nAutomatización\n-Líneas de transmisión\nProducción de\nbiocombustible sujeto\nal marco regulatorio del\npaís\n-Construcción y\nejecución de la planta\n-Sistema de control y\nautomatización\nProducción de\nhidrógeno verde\n-Instalación de la\nplanta.\n-Sistema de control y\nautomatización'], ['Col0', 'LED. tecnología VRF y\n3.- Proyectos de Inverter\nimplementación de procesos -Línea Blanca con\nproductivos eficientes, tales Certificación A (Norma\ncomo: líneas de producción, Brasileña y Chile)\nmaquinaria, etc.\n-Maquinaria Textil\n4.- Proyectos en sistemas de\neficiente, incluyendo:\nautomatización y gestión que\nBordadoras y tejedoras\nofrezcan sistemas de energía\ncon motor SERVO\nmás eficientes.\n(>700 rpm)\n5.- Implementación de\ntecnologías eficientes -Sistema de\nenergéticamente, que Iluminación LED\nrepresenten un ahorro de al Maquinaria o equipos\nmenos el 20%. Tanto para la utilizados en sectores\nrenovación de maquinaria productivos que\nantigua como para la ampliación cumplan con un ahorro\nde maquinaria nueva. de energía > 20%.\nHorno tipo túnel y\nHoffman 16'], ['Col0', 'funcionamiento, utilizadas\ndentro o como servicio\ncomplementario de la actividad\nproductiva.\n6.- Proyectos de Energías\nRenovables para el Transporte:\nDesarrollo de estaciones de\ncarga alimentadas por energía\nsolar o eólica. Integración de\nfuentes de energía renovable\npara alimentar sistemas de\ntransporte público17.'], ['Col0', 'del suelo. -Dispositivos de\n2.- Proyectos para la reducción Selección\nde las emisiones de metano y Acuicultura Sostenible\nóxido nitroso provenientes del -Sistemas de\nganado y fertilizantes, Recirculación de Agua\nrespectivamente.\n-Alimentación\n3.- Proyectos que minimicen los Sostenible\nimpactos ambientales en las\n-Certificación de Pesca\ncadenas de valor agrícolas.\ny Acuicultura\nC.- Silvicultura:\nSostenible\n1.- Proyectos de gestión\nsostenible de bosques: esto\nincluye (aunque no limitado) a)\nforestación, b) reforestación, c)\nrehabilitación de bosques.\nD.- Pesca y acuicultura:\n1.- Proyectos de pesca\nsostenible.\n2.- Proyectos de acuicultura\nsostenible.\n3.- Proyectos que minimicen los\nimpactos ambientales en las\ncadenas de valor alimentarias.'], ['Col0', 'hasta una gestión activa e\npueden incluir la protección\ncontra el riesgo de\ndeforestación, reservas\nvoluntarias y obligatorias, y\nesfuerzos activos de\nconservación.\n4.- Restauración y rehabilitación\nforestal: actividades forestales\nno comerciales diseñadas para\naumentar el área o mejorar la\ncalidad del hábitat forestal\nexistente, o establecer nuevos\nrodales forestales. Las\nactividades van desde\nintervenciones mínimas hasta\nrestauración activa, que incluye\nfacilitar la regeneración y\nrestauración mediante medios\nnaturales o artificiales. 1'], ['Col0', 'y disposición de los desechos y\nresiduos sólidos (incluidos los\nde la digestión anaeróbica) 19.\n2.- Proyectos de control de\ncontaminación, incluyendo la\nseparación, recolección y\ntratamiento de efluentes\nlíquidos.\nD.- Producción más Limpia\n1. Tecnologías que hacen el uso\neficiente de un recurso en\nespecífico.\n2. Prácticas/ uso de insumos\nque desplacen el uso de\nproductos contaminantes o\naltamente peligrosos.\n3. Recuperación/reutilización de\ninsumos y materiales.\n4. Modificación de procesos,\nesto incluye (aunque no\nlimitado): a) mejoras en los\ncontroles de procesos, b)\nrediseño de las operaciones, c)\nactualizaciones en los equipos,\ny d) la incorporación de\ntecnologías avanzadas que\nconduzcan a una menor\ngeneración de residuos.'], ['Col0', 'productos y equipos que textiles\nincentiven la economía circular, - Maquinaria para el\nincrementando su funcionalidad, reciclaje tales como:\ndurabilidad, modularidad y fácil\n\uf0b7 Peletizadoras\nreparación.\n, agflutinadora\n3.- Proyectos que sustituyan la\n\uf0b7 Prensas\nutilización de materiales\nhidráulicas\nvírgenes con materiales\nsecundarios y subproductos. -Procesos productivos\nmin de empresas que\nutilicen plástico, papel,\nB.- Uso circular:\nmetal y otro tipo de\n1.- Proyectos de fabricación de\nmaterial reciclado.\nnuevos productos o equipos a\n-Sistemas de\ntravés de productos o equipos\ncompostaje de residuos\nredundantes que han sido\norgánicos.\nreconvertidos, refaccionados o\nremanufacturados.\nC.- Recuperación del valor\ncircular:\n1.- Proyectos de desarrollo,\naprovechamiento y producción\nsostenible de nuevos materiales\n(materia prima secundaria) a\npartir de materiales secundarios,\nsubproductos y/o desechos.\n2.- Proyectos de recuperación,\nrecirculación y valorización de\ndesechos biodegradables y/o\nsubproductos para la fabricación\nde comida, nutrientes, fibras,\nfertilizantes, cosméticos y\nmedicamentos.\nD.- Soporte circular:\n1.- Proyectos que den soporte a\nla circularidad a través de\nherramientas y servicios\n(infraestructura digital / software)\nque permitan elaborar\nestrategias y modelos de\nnegocio para la reutilización y/o\ncolaboración conjunta.\n2.- Proyectos de fabricación de\nproductos ecoeficientes.'], ['Col0', 'eviten los daños relacionados -Bioestimulantes\ncon el cambio en la temperatura (Nombres comerciales\nambiente. referenciales: Bioles,\nB.- Relacionado con viento: Bombardier, Basfoliar,\nVigortop, Prophos,\n1.- Proyectos que reduzcan o\nProMicro, entre otros)\neviten los daños relacionados\ncon el cambio en la intensidad -Plantación de cultivos\nde los vientos y tormentas. tolerantes a la sequía\ncuyas raíces pueden\nC.- Relacionado con agua:\nretener agua en el\n1.- Proyectos que reduzcan o suelo.\neviten los daños relacionados\n-Uso de sensores de\ncon el cambio en la intensidad\nhumedad y\nde las lluvias.\ntemperatura.\n2.- Proyectos que incrementen\n-Mallas antihelada y\nla disponibilidad de agua y uso\nantigranizo\nmás eficiente.\n-Estufas con paneles\nD.- Relacionado con suelo:\nsolares (Avícolas)\n1.- Proyectos que reduzcan o\n-Uso de cubiertas\neviten los daños relacionados\nprotectoras o refugios\ncon el cambio en la integridad de\ntérmicos\nlos suelos (deslizamientos,\nhundimientos, etc.).\n2.- Proyectos que incrementen\nla productividad agrícola.\n\uf0b7'], ['Col0', 'a servicios de salud por parte de la Mejora de la seguridad y\npoblación. resiliencia financiera de la\n5.- Proyectos que introduzcan registros población.\nmédicos electrónicos y órdenes médicas Expansión del acceso de\na través de sistemas digitales. sistemas financieros a las\n6.- Proyectos de innovación médica y familias de bajos recursos.\nfarmacéutica. Mejora en el PIB.\n7.- Proyectos que mejoren la atención\nmaterno-infantil.\nB.- Relacionado a la educación:\n1.- Proyectos que incrementen la tasa de\ninscripción en colegios y/o reduzcan la\ntasa de abandono.\n2.- Proyectos que incrementen la\nparticipación de mujeres en los colegios\ny en las universidades.\n3.- Proyectos que incrementen la\nparticipación de estudiantes con\nnecesidades especiales de educación en\nclases regulares.\n4.- Proyectos que promuevan la\nparticipación de educadores,\nespecialmente en las profesiones de\nmayor demanda.\nC.- Relacionado a servicios financieros:\n1.- Proyectos que incrementen los\ningresos, ahorros y coberturas de\nseguros.\n2.- Proyectos que incrementen la\n“alfabetización” financiera.\n3.- Proyectos que incrementen el acceso\na los mercados financieros.\n4.- Proyectos que refuercen la inclusión\nfinanciera.'], ['Col0', 'acceso a la tecnología. políticos.\nLos proyectos sociales elegibles Mejora en las oportunidades\nincluyen: de las mujeres o disminución\nA.- Relacionado al empoderamiento de en la discriminación de\nla mujer: género.\n1.- Proyectos que incrementen el acceso Mejora en las dotaciones de\na la información por parte de las mujeres las mujeres o acceso a\no reduzcan las asimetrías de la recursos, habilidades y\ninformación manejada por género. conocimiento.\n2.- Proyectos que incrementen la Decremento en la\nseguridad de las mujeres. desigualdad de salarios en\nfunción del género.\n3.- Proyectos que mejoren la equidad de\ngénero en posiciones directivas. Decremento en la violencia de\ngénero.\n4.- Proyectos que incrementen la\nparticipación de mujeres en los Incremento de la seguridad\nhumana o decremento del\nestablecimientos laborales.\nriesgo de conflicto.\n5.- Proyectos que mejoren la calidad de\nvida de las mujeres y reduzcan el riego Decremento del número de\nde lesiones o condiciones crónicas de trabajadores expuestos a\nsalud de las mujeres en los inseguridad laboral o social.\nestablecimientos laborales. Refuerzo de la resiliencia al\n6.- Proyectos que reduzcan las tasas de cambio climático.\naccidentes, tasas de mortalidad y tasas Mejora de la justicia climática\nde enfermedades ocupacionales de las para la población vulnerable\nmujeres. económicamente y en riesgo\n7.- Proyectos que incrementen los de los desastres climáticos.\ningresos salariales de las mujeres. Mejora en el PIB.\n8.- Proyectos que incrementen la tasa de Mejora en la calidad de vida.\nretención del personal laboral femenino. Mejora en la productividad.\nB.- Relacionado con la inclusión social\npara los más desaventajados:\n1.- Proyectos que reduzcan la tasa de\npobreza.\n2.- Proyectos que reduzcan la tasa de\ndesempleo juvenil.\n3.- Proyectos que incrementen la razón\nde ingresos.\n4.- Proyectos que reduzcan el trabajo\ninfantil.\nC.- Relacionado con el acceso a la\ntecnología:\n1.- Proyectos que incrementen el acceso\na redes móviles por parte de la\npoblación.\n2.- Proyectos que incrementen el acceso\na información o recursos a través de\nproductos o servicios tecnológicos o\ndigitales.\n3.- Proyectos que incrementen el acceso\na los mercados financieros a través de\nplataformas digitales.\n4.- Proyectos que mejoren el acceso al\naprendizaje remoto.'], ['Col0', 'Col1', 'Col2', 'Col3'], ['Col0', 'Col1', 'Tabla 9 Métricas de impacto. Proyectos verdes.'], ['Col0', 'orgánicos volátiles distintos al metano\n(NMVOCs).'], ['Col0', 'escapes en los criaderos de peces, en\nporcentaje de operaciones cubiertas con\nmejoras de nuevo diseño que mitiguen el\nriesgo de escape.'], ['Col0', 'de desechos no reciclables para mejorar estos.\nla eficiencia de las instalaciones, en 4.- Número de personas\nMWh/GWh (para electricidad) y GJ/TJ beneficiadas por la\n(para otro tipo de energía). recolección selectiva de\n2.- Energía recuperada de los desechos reciclables.\n(menos cualquier combustible de 5.- Porcentaje de reducción de\nsoporte) en MWh, GWh o KJ de la contaminantes locales.\nenergía neta generada por año.\n6.- Toneladas de residuos\n3.- Emisiones anuales de GEI reducidas reducidos.\no evitadas, en toneladas de CO2\nequivalente.\nC.- Desechos recolectados y tratados, o\ndispuestos:\n1.- Cantidad de desechos separados y\nrecolectados, tratados o dispuestos en\ntoneladas por año y en porcentaje de los\ndesechos totales.'], ['Col0', '2.- Cantidad absoluta anual de materiales\nsecundarios, productos y desechos\nrecuperados en toneladas.\n3.- Cantidad absoluta anual de desechos\nbiodegradables, digestibles y compost\nrecuperados en toneladas.\n4.- Cantidad de comida, productos\nnutrientes, fibras o fertilizantes\nproducidos de desechos biodegradables\nen toneladas por año.\nD.- Soporte circular:\n1.- Porcentaje anual de incremento de\ningresos derivados de herramientas y\nservicios que permiten una economía\ncircular.\n2.- Incremento del número de productos\nreconocidos internacionalmente con\netiquetado eco u otros certificados\nmedioambientales.'], ['i', 'debidos a deslizamientos de tierra.\n2.- Reducción del número de días\noperativos perdidos por la ruptura de\nredes de transporte u otras\nnfraestructuras.\n3.- Reducción de los cambios de\nnutrientes y niveles de pH de suelos\nagrícolas.\n4.- Aumento del uso de tierras agrícolas\ncon cultivos más resistentes a las\nsequías en hectáreas.\n5.- Aumento de áreas cultivadas con\nagricultura de precisión en kilómetros\ncuadrados.'], ['Col0', 'áreas de bajos recursos.\n2.- Número de personas provistas con\nacceso a servicios financieros.\n3.- Número de personas con bajos\nrecursos provistos con acceso a\nmicrocréditos.\n4.- Número de personas con bajos\nrecursos provistos con acceso a micro\nseguros.'], ['Col0', 'medianas empresas con soporte para\nmodernizar sus equipos e instalaciones.\n2.- Número de préstamos para personas\ncon bajos recursos para mejorar las\ntecnologías de sus instalaciones.\n3.- Número de primeras conexiones de\ninternet.\n4.- Número de beneficiarios de productos\ntecnológicos (portátiles o tabletas) para\npermitir el aprendizaje remoto.'], ['Col0', 'Sector', 'ODS', 'Meta', 'Col4'], ['Col0', 'Gestión sostenible de\nrecursos naturales y\nuso de la tierra', '2', '2.4', 'Para 2030, asegurar la sostenibilidad de los sistemas de producción de\nalimentos y aplicar prácticas agrícolas resilientes que aumenten la\nproductividad y la producción, contribuyan al mantenimiento de los\necosistemas, fortalezcan la capacidad de adaptación al cambio climático, los\nfenómenos meteorológicos extremos, las sequías, las inundaciones y otros\ndesastres, y mejoren progresivamente la calidad del suelo y la tierra'], ['Col0', 'Col1', 'Col2', '6.5', 'De aquí a 2030, implementar la gestión integrada de los recursos hídricos a\ntodos los niveles, incluso mediante la cooperación transfronteriza, según\nproceda'], ['Col0', 'Col1', 'Col2', '15b', 'Movilizar un volumen apreciable de recursos procedentes de todas las\nfuentes y a todos los niveles para financiar la gestión forestal sostenible y\nproporcionar incentivos adecuados a los países en desarrollo para que\npromuevan dicha gestión, en particular con miras a la conservación y la\nreforestación'], ['Col0', 'Col1', 'Col2', '1.4', 'Para 2030, garantizar que todos los hombres y mujeres, en particular los\npobres y los más vulnerables, tengan los mismos derechos a los recursos\neconómicos, así como acceso a los servicios básicos, la propiedad y el\ncontrol de las tierras y otros bienes, la herencia, los recursos naturales, las\nnuevas tecnologías y los servicios económicos, incluida la micro financiación'], ['Col0', 'Col1', 'Col2', '4.1', 'De aquí a 2030, asegurar que todas las niñas y todos los niños terminen la\nenseñanza primaria y secundaria, que ha de ser gratuita, equitativa y de\ncalidad y producir resultados de aprendizaje pertinentes y efectivos'], ['Col0', 'Col1', 'Col2', '10.2', 'De aquí a 2030, potenciar y promover la inclusión social, económica y política\nde todas las personas, independientemente de su edad, sexo, discapacidad,\nraza, etnia, origen, religión o situación económica u otra condición'], ['Col0', 'Col1', '2\n4', '2.5', 'Para 2030, mantener la diversidad genética de las semillas, las plantas\ncultivadas y los animales de granja y domesticados y sus especies silvestres\nconexas, entre otras cosas mediante una buena gestión y diversificación de\nlos bancos de semillas y plantas a nivel nacional, regional e internacional, y\npromover el acceso a los beneficios que se deriven de la utilización de los\nrecursos genéticos y los conocimientos tradicionales y su distribución justa y\nequitativa, como se ha convenido internacionalmente'], ['Sector', 'Col1', 'Col2', 'Monto\ndesembolsado', 'Col4', 'Impacto (Toneladas', 'Col6', 'Col7', 'Ahorro anual de', 'Col9', 'Ahorro anual de\nagua (m3/año)'], ['Categorías', 'Col1', 'Ejemplos de Beneficios Contribuciones a\nCriterios de Elegibilidad\nproyectos 36 Medioambientales los ODS'], ['Col0', '- Sistema de\n4.- Proyectos de producción de\nbiocombustibles sujeto al marco almacenamiento.\nregulatorio del país. Infraestructura de\n5. Producción de hidrógeno transmisión y soporte\nverde, sujeto al marco especializada.\nregulatorio del país. Generación de energía\na partir de biomasa\nInstalaciones de\nproducción de biomasa\npara la producción de\nelectricidad.\nGeneración de Biogás\nInstalación de\nManufactura dedicada\nal desarrollo de\nbioenergía.\nReconversión del uso\nde energía hacia\nenergías renovables.\n-Construcción de la\nplanta\n-Sistemas de control y\nAutomatización\n-Líneas de transmisión\nProducción de\nbiocombustible sujeto\nal marco regulatorio del\npaís\n-Construcción y\nejecución de la planta\n-Sistema de control y\nautomatización\nProducción de\nhidrógeno verde\n-Instalación de la\nplanta.\n-Sistema de control y\nautomatización'], ['Col0', 'aislamiento térmico, c) -Aislamiento Térmico\nactualizaciones del sistema de -Instalación de\naire acondicionado, d) Sensores de Presencia\nalmacenamiento de energía, e)\n-Remplazo del\nredes inteligentes.\nquemador de las\n2.- Proyectos en recambio de\ncalderas\nequipos y luminarias eficientes,\ntales como: instalación, -Equipos para\nactualización y mantenimiento climatización (Aires\nde proyectos de iluminación Acondicionados –\nLED. Calefacción) con\n3.- Proyectos de tecnología VRF y\nimplementación de procesos Inverter\nproductivos eficientes, tales -Línea Blanca con\ncomo: líneas de producción, Certificación A (Norma\nmaquinaria, etc. Brasileña y Chile)\n4.- Proyectos en sistemas de\n-Maquinaria Textil\nautomatización y gestión que\neficiente, incluyendo:\nofrezcan sistemas de energía\nBordadoras y tejedoras\nmás eficientes.\ncon motor SERVO\n5.- Implementación de\n(>700 rpm)\ntecnologías eficientes\nenergéticamente, que -Sistema de\nrepresenten un ahorro de al Iluminación LED\nmenos el 20%. Tanto para la Maquinaria o equipos\nrenovación de maquinaria utilizados en sectores\nantigua como para la ampliación productivos que\nde maquinaria nueva. cumplan con un ahorro\nde energía > 20%.\nHorno tipo túnel y\nHoffman 51'], ['Prevención y\ncontrol de la\ncontaminación', 'Promover la prevención, control -Reducción del Mitigación del cambio\nde la contaminación y consumo de agua climático.\nProducción Más Limpia, -Recuperación, Mejora de la calidad del\nincluyendo: a) prevención de reutilización de insumos aire.\ndesechos, b) reducción de y materiales Provisión de\ndesechos, c) reciclaje de\n-Sustitución de insumos infraestructura de bajo\ndesechos, d) conversión\ny/o materiales carbono a largo plazo.\neficiente de desechos a energía.\naltamente Reducción de gases de\nLos proyectos verdes elegibles contaminantes efecto invernadero.\nincluyen:\n-Certificaciones de\nA.- Desechos evitados, Ahorro de agua.\nsostenibilidad\nminimizados, reutilizados o\n- Plantas de generación Ahorro de recursos.\nreciclados:\nde energía eléctrica o\n1.- Proyectos que gestionen los térmica a partir de Mejora de la calidad del\ndesechos, residuos y recursos desechos o residuos. agua\neficientemente: esto incluye Reducción de\n- Sistemas de reciclado\n(aunque no limitado) a) desechos y residuos\nde agua.\ndesechos evitados, b) sólidos.\nminimización de desechos, c) -Tecnologías que\nreutilización de desechos, d) reduzcan perdidas de\nreciclado de desechos, e) uso recurso y emisiones.\nde recursos de manera eficiente -Sistemas de\nB.- Energía recuperada de los tratamiento de agua\ndesechos: residual.\n1.- Proyectos que recuperen\nenergía de los desechos o\nresiduos (co-procesamiento),\nincluyendo procedimientos\neficientes de energía/emisiones\n53.\nC.- Desechos recolectados y\ntratados, o dispuestos:\n1.- Proyectos de control de la\ncontaminación, incluyendo la\nseparación, recolección, tratado\ny disposición de los desechos y\nresiduos sólidos (incluidos los\nde la digestión anaeróbica) 54.\n2.- Proyectos de control de\ncontaminación, incluyendo la\nseparación, recolección y\ntratamiento de efluentes\nlíquidos.\nD.- Producción más Limpia\n1. Tecnologías que hacen el uso\neficiente de un recurso en\nespecífico.\n2. Prácticas/ uso de insumos\nque desplacen el uso de\nproductos contaminantes o\naltamente peligrosos.\n3. Recuperación/reutilización de'], ['Col0', 'insumos y materiales.\n4. Modificación de procesos,\nesto incluye (aunque no\nlimitado): a) mejoras en los\ncontroles de procesos, b)\nrediseño de las operaciones, c)\nactualizaciones en los equipos,\ny d) la incorporación de\ntecnologías avanzadas que\nconduzcan a una menor\ngeneración de residuos.'], ['Col0', 'sostenible de nuevos materiales\n(materia prima secundaria) a\npartir de materiales secundarios,\nsubproductos y/o desechos.\n2.- Proyectos de recuperación,\nrecirculación y valorización de\ndesechos biodegradables y/o\nsubproductos para la fabricación\nde comida, nutrientes, fibras,\nfertilizantes, cosméticos y\nmedicamentos.\nD.- Soporte circular:\n1.- Proyectos que den soporte a\nla circularidad a través de\nherramientas y servicios\n(infraestructura digital / software)\nque permitan elaborar\nestrategias y modelos de\nnegocio para la reutilización y/o\ncolaboración conjunta.\n2.- Proyectos de fabricación de\nproductos ecoeficientes.']]",1,['energías renovables'],False,"[34, 34, 34, 34, 35, 35]","['verdes', 'energías renovables', 'eficiencia energética49 50']","                                              0
energías renovables renovable          0.706224
energías renovables bioenergía         0.730694
energías renovables hidroelectricidad  0.682641","Empty DataFrame
Columns: []
Index: []"
14,Green_Bond_Framework,"[10, 14, 19, 21, 22]","[['Categoria', 'Descrição'], ['Projeto', 'Capaci\nda de\nInstala\nda\n(MW)', 'Emissã\no anual\nevitada\n(tCO2)\n²', 'Vigên\ncia\ncontr\nato', 'Benefício Socioambiental\n(lista não exaustiva)', 'ODS impactados'], ['Tema', 'Indicador'], ['Ambiental', 'Elegibilidade', 'Social', 'Governança'], ['Uso e ocupação\ndo solo', 'Projetos\nlocalizados\nem áreas que\nnão\napresentem\npotencial de\nconflitos pelo\nuso e\nocupação do\nsolo (ex:\náreas\nturísticas,\náreas\nprodutivas\netc.)', 'Col2', 'Col3']]",2,"['transmissão de energia', 'energia renovável']",True,"[0, 0]","['transmissão de energia', 'energia renovável']","                                                  0
transmissão de energia energia hidráulica  0.650440
energia renovável energia                  0.914027
energia renovável bioenergia               0.728250
energia renovável biocombustível           0.722038
energia renovável biomassa                 0.716290
energia renovável energia hidráulica       0.852258","                           0
transmissão         1.000000
energia             1.000000
energia hidráulica  0.908494"
